client_id,first_name,last_name,email,phone,created_date
1,Avery,Kim,avery.kim1@example.test,,2024-01-18
2,Taylor,Lopez,taylor.lopez2@example.test,555-386-2715,2025-01-15
3,Quinn,Clark,quinn.clark3@example.test,555-924-7524,2025-08-12
4,Casey,Jones,casey.jones4@example.test,555-427-3932,2025-12-18
5,Cameron,Bennett,cameron.bennett5@example.test,555-135-5758,2024-07-10
6,Cameron,Kim,cameron.kim6@example.test,555-814-9408,2024-07-22
7,Skyler,Diaz,skyler.diaz7@example.test,555-757-2733,2025-09-22
8,Taylor,Evans,taylor.evans8@example.test,555-831-3199,2025-07-13
9,Riley,Kim,riley.kim9@example.test,555-975-7819,2024-09-17
10,Morgan,Jones,morgan.jones10@example.test,555-538-1837,2025-12-28
11,Casey,Kim,casey.kim11@example.test,555-357-8438,2024-08-05
12,Riley,Bennett,riley.bennett12@example.test,555-501-2558,2025-08-12
13,Avery,Irwin,avery.irwin13@example.test,555-209-9167,2025-02-15
14,Rowan,Green,rowan.green14@example.test,555-257-9528,2024-12-21
15,Quinn,Evans,quinn.evans15@example.test,555-253-4137,2024-11-13
16,Avery,Kim,avery.kim16@example.test,555-227-6746,2025-06-19
17,Morgan,Bennett,morgan.bennett17@example.test,,2024-10-09
18,Reese,Kim,reese.kim18@example.test,555-924-4898,2025-05-25
19,Cameron,Evans,cameron.evans19@example.test,555-286-9067,2024-05-01
20,Jordan,Bennett,jordan.bennett20@example.test,555-857-9989,2024-12-19
21,Casey,Kim,casey.kim21@example.test,555-185-7536,2025-10-28
22,Taylor,Adams,taylor.adams22@example.test,555-839-1849,2025-04-15
23,Parker,Bennett,parker.bennett23@example.test,555-947-9571,2024-11-07
24,Morgan,Bennett,morgan.bennett24@example.test,555-971-9461,2024-11-05
25,Jordan,Jones,jordan.jones25@example.test,555-882-6797,2025-01-25
26,Morgan,Clark,morgan.clark26@example.test,555-175-3271,2025-10-01
27,Riley,Lopez,riley.lopez27@example.test,555-178-1379,2025-01-22
28,Skyler,Adams,skyler.adams28@example.test,,2025-03-04
29,Casey,Hayes,casey.hayes29@example.test,555-940-2080,2024-04-08
30,Reese,Jones,reese.jones30@example.test,555-418-7664,2025-06-03
31,Riley,Hayes,riley.hayes31@example.test,555-315-8793,2024-12-23
32,Cameron,Evans,cameron.evans32@example.test,555-364-4863,2024-04-29
33,Riley,Adams,riley.adams33@example.test,,2025-02-14
34,Casey,Clark,casey.clark34@example.test,555-838-8075,2024-08-01
35,Rowan,Adams,rowan.adams35@example.test,555-292-2286,2025-04-25
36,Reese,Evans,reese.evans36@example.test,555-892-8353,2025-06-15
37,Morgan,Foster,morgan.foster37@example.test,555-890-6600,2025-03-01
38,Casey,Jones,casey.jones38@example.test,555-909-6623,2024-12-26
39,Parker,Hayes,parker.hayes39@example.test,555-672-7562,2025-02-05
40,Reese,Jones,reese.jones40@example.test,555-821-7623,2024-09-13
41,Cameron,Bennett,cameron.bennett41@example.test,555-977-7152,2024-11-12
42,Morgan,Jones,morgan.jones42@example.test,555-205-4247,2025-07-02
43,Parker,Bennett,parker.bennett43@example.test,555-241-4734,2025-03-21
44,Skyler,Green,skyler.green44@example.test,555-282-8319,2024-06-14
45,Reese,Hayes,reese.hayes45@example.test,555-432-3727,2025-09-11
46,Rowan,Irwin,rowan.irwin46@example.test,555-786-9359,2025-07-06
47,Casey,Diaz,casey.diaz47@example.test,555-712-5563,2024-07-04
48,Reese,Diaz,reese.diaz48@example.test,555-165-7900,2025-09-05
49,Parker,Bennett,parker.bennett49@example.test,555-353-2113,2024-08-31
50,Casey,Irwin,casey.irwin50@example.test,555-180-1738,2024-02-06
51,Riley,Hayes,riley.hayes51@example.test,,2025-12-06
52,Taylor,Foster,taylor.foster52@example.test,555-693-6970,2025-08-11
53,Taylor,Evans,taylor.evans53@example.test,555-346-8045,2024-05-29
54,Taylor,Irwin,taylor.irwin54@example.test,555-284-1361,2025-01-13
55,Casey,Jones,casey.jones55@example.test,555-833-7112,2025-06-14
56,Avery,Kim,avery.kim56@example.test,555-238-5382,2024-06-05
57,Taylor,Clark,taylor.clark57@example.test,555-166-1190,2024-10-28
58,Parker,Clark,parker.clark58@example.test,,2024-07-30
59,Rowan,Clark,rowan.clark59@example.test,555-957-5774,2025-05-22
60,Rowan,Lopez,rowan.lopez60@example.test,555-885-3895,2024-02-18
61,Morgan,Kim,morgan.kim61@example.test,555-887-9967,2024-02-16
62,Casey,Kim,casey.kim62@example.test,555-923-1115,2025-04-21
63,Jordan,Diaz,jordan.diaz63@example.test,555-804-5654,2024-01-05
64,Casey,Irwin,casey.irwin64@example.test,555-901-4661,2025-06-30
65,Taylor,Jones,taylor.jones65@example.test,555-279-4034,2024-03-08
66,Reese,Kim,reese.kim66@example.test,555-482-3430,2024-09-06
67,Rowan,Lopez,rowan.lopez67@example.test,555-630-9170,2025-11-14
68,Avery,Lopez,avery.lopez68@example.test,555-774-5982,2025-12-06
69,Casey,Bennett,casey.bennett69@example.test,555-135-6942,2025-01-07
70,Avery,Jones,avery.jones70@example.test,555-825-5780,2024-12-14
71,Taylor,Clark,taylor.clark71@example.test,555-387-5584,2024-11-18
72,Rowan,Bennett,rowan.bennett72@example.test,555-991-6820,2024-04-28
73,Morgan,Diaz,morgan.diaz73@example.test,555-922-5111,2024-03-03
74,Parker,Evans,parker.evans74@example.test,,2024-04-20
75,Rowan,Clark,rowan.clark75@example.test,555-691-2913,2025-03-26
76,Skyler,Irwin,skyler.irwin76@example.test,555-740-4863,2024-12-26
77,Parker,Jones,parker.jones77@example.test,555-176-6840,2025-04-13
78,Jordan,Evans,jordan.evans78@example.test,555-638-2316,2024-02-09
79,Skyler,Kim,skyler.kim79@example.test,555-270-5662,2025-02-15
80,Casey,Green,casey.green80@example.test,555-194-5718,2025-11-16
81,Avery,Lopez,avery.lopez81@example.test,555-671-6588,2025-01-11
82,Morgan,Evans,morgan.evans82@example.test,555-395-4935,2025-03-03
83,Morgan,Foster,morgan.foster83@example.test,555-646-4401,2024-11-01
84,Taylor,Lopez,taylor.lopez84@example.test,555-915-9964,2024-10-26
85,Parker,Adams,parker.adams85@example.test,555-845-2466,2025-09-18
86,Morgan,Hayes,morgan.hayes86@example.test,555-665-4417,2025-11-25
87,Morgan,Adams,morgan.adams87@example.test,555-189-3748,2025-08-13
88,Quinn,Hayes,quinn.hayes88@example.test,,2024-03-15
89,Avery,Kim,avery.kim89@example.test,555-538-3867,2024-02-10
90,Morgan,Bennett,morgan.bennett90@example.test,555-397-9228,2025-06-15
91,Skyler,Irwin,skyler.irwin91@example.test,555-849-9211,2025-08-06
92,Reese,Adams,reese.adams92@example.test,555-712-1121,2024-01-16
93,Cameron,Bennett,cameron.bennett93@example.test,555-606-9652,2025-11-08
94,Taylor,Adams,taylor.adams94@example.test,555-591-2941,2025-10-19
95,Rowan,Hayes,rowan.hayes95@example.test,555-520-8801,2025-07-05
96,Riley,Lopez,riley.lopez96@example.test,555-390-5313,2024-03-30
97,Parker,Green,parker.green97@example.test,555-615-3439,2024-11-16
98,Riley,Clark,riley.clark98@example.test,555-815-4347,2024-10-20
99,Quinn,Jones,quinn.jones99@example.test,,2024-09-21
100,Parker,Foster,parker.foster100@example.test,555-734-9561,2024-10-08
101,Cameron,Jones,cameron.jones101@example.test,555-691-3127,2025-07-30
102,Casey,Irwin,casey.irwin102@example.test,555-733-6889,2025-07-19
103,Skyler,Foster,skyler.foster103@example.test,555-932-6537,2024-11-18
104,Rowan,Hayes,rowan.hayes104@example.test,555-107-4520,2024-12-29
105,Jordan,Evans,jordan.evans105@example.test,555-854-1600,2024-05-19
106,Quinn,Lopez,quinn.lopez106@example.test,555-269-2667,2024-02-19
107,Rowan,Diaz,rowan.diaz107@example.test,555-918-4149,2025-07-31
108,Jordan,Foster,jordan.foster108@example.test,555-376-9011,2024-01-11
109,Avery,Adams,avery.adams109@example.test,555-669-7802,2024-05-19
110,Quinn,Clark,quinn.clark110@example.test,555-311-5067,2024-11-23
111,Morgan,Kim,morgan.kim111@example.test,555-337-7187,2025-03-06
112,Rowan,Irwin,rowan.irwin112@example.test,555-703-3850,2025-06-06
113,Reese,Clark,reese.clark113@example.test,555-952-7841,2025-05-02
114,Skyler,Foster,skyler.foster114@example.test,555-834-9616,2025-07-07
115,Skyler,Irwin,skyler.irwin115@example.test,555-614-9613,2025-08-23
116,Casey,Lopez,casey.lopez116@example.test,555-793-6229,2025-05-06
117,Taylor,Hayes,taylor.hayes117@example.test,555-962-4017,2024-10-20
118,Taylor,Green,taylor.green118@example.test,555-276-1349,2025-01-02
119,Riley,Jones,riley.jones119@example.test,555-560-1959,2025-01-07
120,Quinn,Hayes,quinn.hayes120@example.test,555-196-6288,2025-01-02
121,Reese,Hayes,reese.hayes121@example.test,555-100-8559,2024-03-21
122,Skyler,Evans,skyler.evans122@example.test,555-439-4412,2024-09-24
123,Jordan,Evans,jordan.evans123@example.test,555-910-8954,2024-02-08
124,Reese,Jones,reese.jones124@example.test,555-790-5072,2025-09-14
125,Taylor,Green,taylor.green125@example.test,555-911-3610,2025-03-09
126,Quinn,Green,quinn.green126@example.test,555-407-2368,2024-02-24
127,Cameron,Clark,cameron.clark127@example.test,555-153-3483,2024-04-30
128,Avery,Lopez,avery.lopez128@example.test,555-645-4032,2025-09-01
129,Morgan,Green,morgan.green129@example.test,555-974-5429,2025-12-25
130,Rowan,Diaz,rowan.diaz130@example.test,555-244-7492,2024-06-19
131,Taylor,Green,taylor.green131@example.test,555-405-7689,2024-11-16
132,Parker,Irwin,parker.irwin132@example.test,555-857-9343,2024-11-01
133,Casey,Diaz,casey.diaz133@example.test,555-165-1665,2025-02-22
134,Reese,Adams,reese.adams134@example.test,555-496-2819,2024-08-15
135,Cameron,Foster,cameron.foster135@example.test,555-602-5525,2025-04-18
136,Quinn,Bennett,quinn.bennett136@example.test,555-719-2516,2024-01-13
137,Riley,Hayes,riley.hayes137@example.test,555-680-3413,2024-02-02
138,Reese,Lopez,reese.lopez138@example.test,555-746-4494,2024-12-14
139,Skyler,Irwin,skyler.irwin139@example.test,555-599-7999,2025-08-29
140,Avery,Foster,avery.foster140@example.test,555-809-1905,2025-01-07
141,Rowan,Diaz,rowan.diaz141@example.test,555-615-2091,2024-07-15
142,Skyler,Adams,skyler.adams142@example.test,555-482-6529,2025-08-26
143,Reese,Clark,reese.clark143@example.test,555-892-9136,2024-05-20
144,Avery,Irwin,avery.irwin144@example.test,555-864-3760,2024-07-25
145,Quinn,Evans,quinn.evans145@example.test,555-122-1255,2025-05-07
146,Rowan,Foster,rowan.foster146@example.test,555-166-3642,2025-06-12
147,Riley,Clark,riley.clark147@example.test,,2025-11-02
148,Morgan,Lopez,morgan.lopez148@example.test,555-382-6161,2025-11-10
149,Quinn,Foster,quinn.foster149@example.test,555-930-2941,2025-09-14
150,Avery,Hayes,avery.hayes150@example.test,555-976-2607,2025-09-23
151,Quinn,Green,quinn.green151@example.test,555-679-4222,2025-03-22
152,Taylor,Evans,taylor.evans152@example.test,555-726-2847,2025-09-29
153,Quinn,Irwin,quinn.irwin153@example.test,555-893-1395,2025-05-18
154,Riley,Clark,riley.clark154@example.test,555-122-6818,2024-10-04
155,Cameron,Hayes,cameron.hayes155@example.test,,2024-12-06
156,Reese,Clark,reese.clark156@example.test,555-134-6755,2025-07-03
157,Reese,Hayes,reese.hayes157@example.test,555-909-3893,2024-12-04
158,Avery,Adams,avery.adams158@example.test,555-608-2900,2025-04-12
159,Parker,Adams,parker.adams159@example.test,555-873-1290,2024-08-20
160,Morgan,Jones,morgan.jones160@example.test,555-437-2782,2025-08-29
161,Skyler,Bennett,skyler.bennett161@example.test,555-518-5658,2024-11-24
162,Avery,Foster,avery.foster162@example.test,,2025-10-28
163,Taylor,Green,taylor.green163@example.test,,2024-06-15
164,Morgan,Adams,morgan.adams164@example.test,555-939-2242,2024-06-08
165,Casey,Lopez,casey.lopez165@example.test,555-117-2368,2025-05-13
166,Taylor,Clark,taylor.clark166@example.test,,2025-04-05
167,Taylor,Adams,taylor.adams167@example.test,555-144-5641,2024-05-22
168,Avery,Adams,avery.adams168@example.test,555-585-6070,2024-12-04
169,Morgan,Bennett,morgan.bennett169@example.test,555-102-1220,2025-08-21
170,Parker,Foster,parker.foster170@example.test,555-416-8496,2025-05-03
171,Morgan,Diaz,morgan.diaz171@example.test,555-838-1435,2025-11-09
172,Avery,Adams,avery.adams172@example.test,555-311-9872,2025-11-04
173,Parker,Lopez,parker.lopez173@example.test,555-726-7169,2025-08-02
174,Casey,Foster,casey.foster174@example.test,555-565-7929,2024-06-02
175,Rowan,Green,rowan.green175@example.test,555-108-6292,2024-01-30
176,Taylor,Green,taylor.green176@example.test,555-127-8536,2025-06-03
177,Rowan,Foster,rowan.foster177@example.test,555-723-3604,2024-04-16
178,Riley,Foster,riley.foster178@example.test,555-339-3187,2025-10-16
179,Quinn,Bennett,quinn.bennett179@example.test,,2024-12-07
180,Jordan,Foster,jordan.foster180@example.test,555-498-8883,2024-12-30
181,Riley,Diaz,riley.diaz181@example.test,555-126-8930,2025-11-11
182,Riley,Irwin,riley.irwin182@example.test,,2025-10-18
183,Morgan,Foster,morgan.foster183@example.test,555-624-7498,2024-12-14
184,Parker,Evans,parker.evans184@example.test,555-591-7081,2025-04-19
185,Quinn,Foster,quinn.foster185@example.test,555-796-1180,2025-12-09
186,Quinn,Kim,quinn.kim186@example.test,555-553-3952,2025-10-29
187,Avery,Foster,avery.foster187@example.test,555-446-6922,2025-01-21
188,Taylor,Hayes,taylor.hayes188@example.test,,2025-03-29
189,Riley,Foster,riley.foster189@example.test,555-285-1064,2024-09-07
190,Avery,Lopez,avery.lopez190@example.test,555-232-2751,2024-11-15
191,Casey,Hayes,casey.hayes191@example.test,555-407-7207,2025-04-06
192,Morgan,Bennett,morgan.bennett192@example.test,555-383-6895,2025-03-28
193,Casey,Bennett,casey.bennett193@example.test,555-101-4176,2024-09-25
194,Riley,Adams,riley.adams194@example.test,555-554-4175,2024-08-01
195,Taylor,Hayes,taylor.hayes195@example.test,555-122-7054,2024-03-20
196,Reese,Jones,reese.jones196@example.test,,2025-02-16
197,Quinn,Evans,quinn.evans197@example.test,555-984-1428,2024-10-19
198,Avery,Jones,avery.jones198@example.test,555-863-8951,2025-07-24
199,Taylor,Lopez,taylor.lopez199@example.test,555-551-8321,2025-03-15
200,Cameron,Jones,cameron.jones200@example.test,,2024-02-01
201,Avery,Irwin,avery.irwin201@example.test,555-783-9580,2024-11-30
202,Jordan,Jones,jordan.jones202@example.test,555-454-3583,2024-09-25
203,Morgan,Evans,morgan.evans203@example.test,555-584-5326,2025-04-29
204,Jordan,Foster,jordan.foster204@example.test,555-644-3620,2025-09-21
205,Parker,Foster,parker.foster205@example.test,555-930-5498,2024-06-20
206,Quinn,Hayes,quinn.hayes206@example.test,555-983-3750,2025-03-23
207,Reese,Green,reese.green207@example.test,555-428-5241,2025-01-16
208,Casey,Foster,casey.foster208@example.test,555-392-3729,2024-08-13
209,Skyler,Clark,skyler.clark209@example.test,555-271-9297,2024-10-01
210,Casey,Kim,casey.kim210@example.test,555-805-2639,2024-05-22
211,Skyler,Evans,skyler.evans211@example.test,555-182-2609,2024-06-28
212,Avery,Evans,avery.evans212@example.test,555-988-5408,2025-01-08
213,Avery,Adams,avery.adams213@example.test,555-698-6775,2025-08-30
214,Reese,Jones,reese.jones214@example.test,555-113-9534,2025-06-09
215,Cameron,Green,cameron.green215@example.test,,2024-03-15
216,Rowan,Bennett,rowan.bennett216@example.test,555-317-7991,2025-08-09
217,Parker,Diaz,parker.diaz217@example.test,555-796-5035,2025-03-02
218,Reese,Diaz,reese.diaz218@example.test,555-816-7827,2025-09-06
219,Cameron,Foster,cameron.foster219@example.test,555-293-1623,2024-11-07
220,Jordan,Jones,jordan.jones220@example.test,555-480-3982,2025-08-27
221,Riley,Foster,riley.foster221@example.test,555-927-7610,2024-08-19
222,Quinn,Jones,quinn.jones222@example.test,555-327-2839,2025-10-31
223,Skyler,Green,skyler.green223@example.test,555-674-3043,2024-07-04
224,Jordan,Foster,jordan.foster224@example.test,555-478-9598,2024-02-27
225,Jordan,Lopez,jordan.lopez225@example.test,555-135-1928,2025-08-18
226,Parker,Green,parker.green226@example.test,,2025-06-08
227,Parker,Foster,parker.foster227@example.test,555-154-2090,2025-07-16
228,Riley,Lopez,riley.lopez228@example.test,,2024-07-16
229,Cameron,Kim,cameron.kim229@example.test,555-147-7197,2025-12-15
230,Avery,Bennett,avery.bennett230@example.test,555-122-4013,2024-04-18
231,Riley,Jones,riley.jones231@example.test,555-930-1256,2025-10-13
232,Taylor,Diaz,taylor.diaz232@example.test,,2025-03-25
233,Jordan,Jones,jordan.jones233@example.test,555-794-9850,2025-02-16
234,Rowan,Kim,rowan.kim234@example.test,555-924-5457,2024-11-28
235,Taylor,Lopez,taylor.lopez235@example.test,555-379-6712,2025-09-18
236,Riley,Lopez,riley.lopez236@example.test,555-807-7755,2025-06-17
237,Quinn,Evans,quinn.evans237@example.test,555-846-9409,2024-06-07
238,Avery,Jones,avery.jones238@example.test,555-678-3937,2025-09-29
239,Riley,Evans,riley.evans239@example.test,555-332-6873,2025-10-11
240,Casey,Kim,casey.kim240@example.test,555-131-2520,2024-05-11
241,Parker,Hayes,parker.hayes241@example.test,555-644-2798,2024-12-29
242,Casey,Jones,casey.jones242@example.test,,2024-11-12
243,Riley,Diaz,riley.diaz243@example.test,555-221-8191,2024-04-26
244,Taylor,Foster,taylor.foster244@example.test,555-820-8464,2024-02-09
245,Casey,Evans,casey.evans245@example.test,555-720-2269,2024-06-10
246,Morgan,Diaz,morgan.diaz246@example.test,555-287-9553,2025-07-30
247,Riley,Kim,riley.kim247@example.test,555-192-7979,2024-04-02
248,Morgan,Evans,morgan.evans248@example.test,555-224-9653,2024-03-08
249,Jordan,Kim,jordan.kim249@example.test,555-401-8112,2024-03-06
250,Reese,Irwin,reese.irwin250@example.test,555-487-2848,2024-11-11
251,Casey,Bennett,casey.bennett251@example.test,555-834-2253,2024-11-26
252,Skyler,Foster,skyler.foster252@example.test,555-315-7533,2024-03-14
253,Skyler,Kim,skyler.kim253@example.test,555-437-3014,2025-03-10
254,Jordan,Bennett,jordan.bennett254@example.test,555-218-6700,2025-04-19
255,Reese,Diaz,reese.diaz255@example.test,555-530-5089,2024-06-21
256,Morgan,Hayes,morgan.hayes256@example.test,555-706-7017,2024-12-15
257,Riley,Kim,riley.kim257@example.test,555-867-7224,2025-04-09
258,Taylor,Bennett,taylor.bennett258@example.test,555-457-3984,2025-06-25
259,Morgan,Bennett,morgan.bennett259@example.test,555-594-7965,2024-05-05
260,Taylor,Evans,taylor.evans260@example.test,555-725-3423,2025-11-15
261,Riley,Diaz,riley.diaz261@example.test,555-712-5412,2024-02-01
262,Cameron,Jones,cameron.jones262@example.test,,2024-08-16
263,Parker,Lopez,parker.lopez263@example.test,555-775-8971,2025-04-05
264,Reese,Hayes,reese.hayes264@example.test,555-844-9032,2024-03-18
265,Rowan,Adams,rowan.adams265@example.test,555-879-3539,2024-08-02
266,Quinn,Hayes,quinn.hayes266@example.test,555-374-2797,2024-03-31
267,Casey,Hayes,casey.hayes267@example.test,,2024-04-05
268,Riley,Bennett,riley.bennett268@example.test,555-913-2575,2025-12-25
269,Cameron,Foster,cameron.foster269@example.test,555-853-9946,2024-09-25
270,Morgan,Clark,morgan.clark270@example.test,555-647-8327,2024-11-28
271,Parker,Lopez,parker.lopez271@example.test,555-158-8658,2025-08-12
272,Rowan,Foster,rowan.foster272@example.test,555-840-5436,2025-11-23
273,Skyler,Lopez,skyler.lopez273@example.test,555-565-1821,2025-04-07
274,Skyler,Lopez,skyler.lopez274@example.test,555-124-8001,2024-08-14
275,Morgan,Clark,morgan.clark275@example.test,555-700-2179,2024-10-23
276,Riley,Foster,riley.foster276@example.test,555-393-9300,2025-03-07
277,Jordan,Evans,jordan.evans277@example.test,555-163-1510,2025-12-01
278,Jordan,Lopez,jordan.lopez278@example.test,555-327-5285,2025-08-10
279,Jordan,Clark,jordan.clark279@example.test,555-475-3720,2025-06-07
280,Taylor,Jones,taylor.jones280@example.test,555-118-3740,2024-01-30
281,Rowan,Adams,rowan.adams281@example.test,555-298-6899,2024-01-16
282,Avery,Diaz,avery.diaz282@example.test,,2024-05-01
283,Casey,Foster,casey.foster283@example.test,,2025-04-15
284,Skyler,Kim,skyler.kim284@example.test,555-945-6467,2025-02-24
285,Rowan,Lopez,rowan.lopez285@example.test,555-744-5363,2025-10-31
286,Reese,Lopez,reese.lopez286@example.test,555-621-8387,2024-05-30
287,Skyler,Kim,skyler.kim287@example.test,555-153-7457,2025-05-12
288,Taylor,Bennett,taylor.bennett288@example.test,555-528-3407,2025-01-19
289,Jordan,Lopez,jordan.lopez289@example.test,555-130-7990,2025-06-16
290,Jordan,Evans,jordan.evans290@example.test,555-910-3755,2024-04-19
291,Riley,Bennett,riley.bennett291@example.test,555-797-5851,2025-01-22
292,Cameron,Foster,cameron.foster292@example.test,555-752-3804,2025-02-12
293,Riley,Hayes,riley.hayes293@example.test,555-205-4974,2024-05-16
294,Reese,Jones,reese.jones294@example.test,555-857-4660,2024-12-05
295,Skyler,Clark,skyler.clark295@example.test,555-131-2252,2024-08-23
296,Morgan,Diaz,morgan.diaz296@example.test,555-880-5527,2024-04-30
297,Avery,Jones,avery.jones297@example.test,555-162-2414,2024-07-30
298,Riley,Jones,riley.jones298@example.test,555-804-3635,2024-04-25
299,Cameron,Evans,cameron.evans299@example.test,555-855-1895,2025-03-06
300,Morgan,Hayes,morgan.hayes300@example.test,,2024-05-31
301,Jordan,Green,jordan.green301@example.test,555-404-5141,2025-03-30
302,Quinn,Clark,quinn.clark302@example.test,555-485-8503,2025-03-04
303,Morgan,Evans,morgan.evans303@example.test,555-446-9298,2025-10-25
304,Parker,Jones,parker.jones304@example.test,555-609-8800,2024-12-16
305,Rowan,Evans,rowan.evans305@example.test,555-954-6395,2025-09-21
306,Parker,Hayes,parker.hayes306@example.test,555-200-8999,2024-01-08
307,Reese,Irwin,reese.irwin307@example.test,555-654-3039,2025-12-28
308,Quinn,Hayes,quinn.hayes308@example.test,555-161-3380,2024-05-09
309,Casey,Hayes,casey.hayes309@example.test,555-789-5546,2024-01-23
310,Rowan,Hayes,invalid-email,555-480-8086,2025-08-07
311,Jordan,Bennett,jordan.bennett311@example.test,555-598-7055,2025-02-13
312,Rowan,Hayes,rowan.hayes312@example.test,555-397-2835,2025-10-26
313,Cameron,Evans,cameron.evans313@example.test,555-211-2614,2025-04-21
314,Rowan,Irwin,rowan.irwin314@example.test,555-649-2527,2025-06-29
315,Avery,Hayes,avery.hayes315@example.test,555-876-1291,2025-11-04
316,Cameron,Green,cameron.green316@example.test,555-307-5006,2025-03-26
317,Casey,Green,casey.green317@example.test,555-798-3848,2024-12-20
318,Casey,Diaz,casey.diaz318@example.test,555-149-3987,2025-08-07
319,Avery,Clark,avery.clark319@example.test,555-261-2518,2025-05-29
320,Reese,Jones,reese.jones320@example.test,,2025-11-11
321,Skyler,Hayes,skyler.hayes321@example.test,555-662-9035,2025-04-23
322,Jordan,Lopez,jordan.lopez322@example.test,555-790-7071,2025-11-27
323,Reese,Clark,reese.clark323@example.test,555-437-7021,2024-06-28
324,Parker,Foster,parker.foster324@example.test,555-322-3919,2025-07-18
325,Riley,Adams,riley.adams325@example.test,555-518-1924,2024-03-25
326,Parker,Foster,parker.foster326@example.test,555-990-1043,2025-05-06
327,Riley,Clark,riley.clark327@example.test,555-270-2194,2024-05-29
328,Riley,Adams,riley.adams328@example.test,555-991-4012,2024-04-08
329,Jordan,Kim,jordan.kim329@example.test,555-265-4220,2024-08-21
330,Taylor,Bennett,taylor.bennett330@example.test,555-479-8778,2025-06-06
331,Cameron,Adams,cameron.adams331@example.test,555-921-3122,2025-05-19
332,Avery,Jones,invalid-email,555-275-4553,2025-06-28
333,Casey,Green,casey.green333@example.test,555-916-1777,2025-04-28
334,Taylor,Adams,taylor.adams334@example.test,555-342-9857,2024-09-23
335,Morgan,Hayes,morgan.hayes335@example.test,555-208-3507,2025-11-18
336,Avery,Jones,avery.jones336@example.test,555-152-8661,2025-10-13
337,Jordan,Diaz,jordan.diaz337@example.test,555-737-2653,2024-12-17
338,Taylor,Foster,taylor.foster338@example.test,555-175-6528,2024-02-02
339,Cameron,Adams,cameron.adams339@example.test,555-695-8097,2024-02-24
340,Cameron,Bennett,cameron.bennett340@example.test,555-759-8047,2025-08-12
341,Taylor,Jones,taylor.jones341@example.test,555-858-4825,2024-04-01
342,Parker,Clark,parker.clark342@example.test,555-884-4543,2025-09-21
343,Reese,Irwin,reese.irwin343@example.test,555-228-3164,2024-09-23
344,Parker,Diaz,parker.diaz344@example.test,555-462-5862,2024-11-17
345,Casey,Kim,casey.kim345@example.test,555-505-2425,2024-02-11
346,Skyler,Bennett,skyler.bennett346@example.test,555-895-6213,2025-02-13
347,Avery,Jones,avery.jones347@example.test,555-831-3731,2024-10-31
348,Cameron,Evans,cameron.evans348@example.test,555-898-8389,2024-02-04
349,Riley,Evans,riley.evans349@example.test,555-499-2860,2025-09-17
350,Rowan,Lopez,rowan.lopez350@example.test,555-543-7359,2024-08-07
351,Reese,Clark,reese.clark351@example.test,555-315-8708,2025-08-26
352,Casey,Diaz,casey.diaz352@example.test,555-406-5249,2024-04-04
353,Reese,Hayes,reese.hayes353@example.test,,2025-01-31
354,Cameron,Hayes,cameron.hayes354@example.test,555-758-6969,2025-06-03
355,Taylor,Kim,taylor.kim355@example.test,555-305-7200,2024-02-23
356,Parker,Kim,parker.kim356@example.test,555-970-7174,2025-11-13
357,Riley,Lopez,riley.lopez357@example.test,555-153-3670,2025-11-26
358,Casey,Clark,casey.clark358@example.test,555-844-1987,2025-12-10
359,Morgan,Lopez,morgan.lopez359@example.test,555-123-7701,2025-08-17
360,Casey,Evans,casey.evans360@example.test,,2025-01-20
361,Avery,Hayes,avery.hayes361@example.test,555-797-9477,2025-10-10
362,Parker,Bennett,parker.bennett362@example.test,555-377-1993,2025-10-14
363,Parker,Lopez,parker.lopez363@example.test,555-257-8111,2024-04-27
364,Reese,Irwin,reese.irwin364@example.test,555-532-5651,2025-07-18
365,Cameron,Irwin,cameron.irwin365@example.test,555-386-6089,2025-02-23
366,Quinn,Irwin,quinn.irwin366@example.test,555-713-9350,2025-07-08
367,Quinn,Jones,quinn.jones367@example.test,555-364-9510,2024-12-01
368,Morgan,Jones,morgan.jones368@example.test,555-137-6783,2025-05-10
369,Quinn,Kim,quinn.kim369@example.test,555-352-3219,2024-07-15
370,Reese,Hayes,reese.hayes370@example.test,555-264-4599,2025-10-28
371,Riley,Lopez,riley.lopez371@example.test,,2024-10-27
372,Rowan,Bennett,rowan.bennett372@example.test,555-921-6471,2024-09-30
373,Reese,Hayes,reese.hayes373@example.test,555-309-5380,2025-10-22
374,Rowan,Diaz,rowan.diaz374@example.test,555-392-7522,2025-02-05
375,Cameron,Kim,cameron.kim375@example.test,555-159-8485,2024-12-05
376,Skyler,Clark,skyler.clark376@example.test,555-564-8811,2025-08-31
377,Riley,Evans,riley.evans377@example.test,555-721-5381,2024-03-15
378,Quinn,Adams,quinn.adams378@example.test,555-915-7761,2024-04-25
379,Skyler,Bennett,skyler.bennett379@example.test,555-672-9234,2024-03-08
380,Jordan,Hayes,jordan.hayes380@example.test,555-479-8754,2025-06-12
381,Skyler,Diaz,skyler.diaz381@example.test,555-220-2321,2024-07-12
382,Skyler,Adams,skyler.adams382@example.test,555-726-4514,2025-07-22
383,Morgan,Adams,morgan.adams383@example.test,555-712-3288,2025-06-22
384,Reese,Kim,reese.kim384@example.test,555-967-7802,2025-01-10
385,Rowan,Hayes,rowan.hayes385@example.test,555-121-6112,2024-05-01
386,Casey,Bennett,casey.bennett386@example.test,555-469-2672,2025-06-04
387,Skyler,Clark,skyler.clark387@example.test,555-927-3643,2024-02-15
388,Skyler,Adams,skyler.adams388@example.test,555-377-4444,2024-05-06
389,Morgan,Adams,morgan.adams389@example.test,555-273-1238,2025-05-03
390,Skyler,Green,skyler.green390@example.test,555-233-5547,2025-01-09
391,Taylor,Evans,taylor.evans391@example.test,555-171-6700,2025-11-11
392,Skyler,Diaz,skyler.diaz392@example.test,555-388-3160,2025-03-02
393,Casey,Evans,casey.evans393@example.test,555-590-3260,2024-05-11
394,Reese,Green,reese.green394@example.test,555-201-5090,2024-10-07
395,Reese,Jones,reese.jones395@example.test,555-241-7438,2024-05-13
396,Riley,Bennett,riley.bennett396@example.test,555-544-7902,2025-12-15
397,Morgan,Hayes,morgan.hayes397@example.test,555-352-2405,2025-12-30
398,Avery,Clark,avery.clark398@example.test,555-320-4881,2024-05-12
399,Skyler,Diaz,skyler.diaz399@example.test,555-309-3479,2025-09-09
400,Skyler,Bennett,skyler.bennett400@example.test,555-442-3165,2024-04-17
401,Avery,Kim,avery.kim401@example.test,555-605-9405,2024-08-08
402,Morgan,Hayes,morgan.hayes402@example.test,555-525-1325,2024-10-05
403,Cameron,Diaz,cameron.diaz403@example.test,555-272-9681,2024-04-25
404,Reese,Irwin,invalid-email,555-864-7017,2025-05-24
405,Avery,Clark,avery.clark405@example.test,555-818-8657,2024-09-13
406,Jordan,Kim,jordan.kim406@example.test,555-590-1380,2024-11-05
407,Jordan,Bennett,jordan.bennett407@example.test,555-940-9967,2025-04-17
408,Casey,Jones,casey.jones408@example.test,555-955-6845,2025-10-10
409,Avery,Adams,avery.adams409@example.test,555-378-2126,2024-02-26
410,Quinn,Foster,quinn.foster410@example.test,555-304-1542,2025-08-04
411,Taylor,Kim,taylor.kim411@example.test,555-744-6059,2025-04-21
412,Morgan,Lopez,morgan.lopez412@example.test,555-367-3284,2025-10-12
413,Skyler,Clark,skyler.clark413@example.test,555-277-6992,2024-09-18
414,Riley,Evans,riley.evans414@example.test,555-215-1295,2024-11-14
415,Cameron,Jones,cameron.jones415@example.test,,2024-09-07
416,Reese,Diaz,reese.diaz416@example.test,555-228-4166,2024-03-13
417,Skyler,Lopez,skyler.lopez417@example.test,555-750-8798,2024-09-02
418,Morgan,Kim,morgan.kim418@example.test,555-799-9282,2025-09-29
419,Rowan,Bennett,rowan.bennett419@example.test,555-793-3366,2024-05-04
420,Avery,Foster,avery.foster420@example.test,555-129-2078,2024-11-12
421,Taylor,Hayes,taylor.hayes421@example.test,555-200-3118,2024-09-28
422,Reese,Jones,reese.jones422@example.test,555-468-7849,2025-12-08
423,Avery,Green,avery.green423@example.test,555-943-6847,2024-08-21
424,Riley,Adams,riley.adams424@example.test,,2024-09-26
425,Avery,Green,avery.green425@example.test,555-608-8765,2025-05-24
426,Casey,Kim,casey.kim426@example.test,555-349-6620,2024-09-22
427,Cameron,Lopez,cameron.lopez427@example.test,555-377-4125,2025-01-26
428,Avery,Bennett,avery.bennett428@example.test,555-217-7238,2025-03-28
429,Jordan,Jones,jordan.jones429@example.test,555-981-4201,2024-12-10
430,Morgan,Foster,morgan.foster430@example.test,555-991-4598,2024-11-04
431,Riley,Hayes,riley.hayes431@example.test,555-519-7858,2025-10-06
432,Riley,Evans,riley.evans432@example.test,555-930-5772,2024-01-07
433,Reese,Adams,reese.adams433@example.test,555-215-1906,2025-09-14
434,Morgan,Lopez,morgan.lopez434@example.test,555-646-2498,2024-10-08
435,Morgan,Adams,morgan.adams435@example.test,555-580-5620,2025-11-28
436,Quinn,Kim,quinn.kim436@example.test,555-143-5683,2025-03-12
437,Taylor,Lopez,taylor.lopez437@example.test,,2024-04-18
438,Taylor,Green,taylor.green438@example.test,555-777-6524,2024-03-21
439,Taylor,Jones,taylor.jones439@example.test,555-797-2038,2024-05-03
440,Casey,Kim,casey.kim440@example.test,555-702-5015,2025-04-01
441,Cameron,Hayes,cameron.hayes441@example.test,555-848-4071,2024-07-09
442,Rowan,Evans,rowan.evans442@example.test,555-386-4797,2025-12-27
443,Skyler,Adams,skyler.adams443@example.test,555-371-2012,2024-01-20
444,Skyler,Bennett,invalid-email,555-127-4956,2024-04-22
445,Rowan,Irwin,rowan.irwin445@example.test,555-476-9610,2025-09-09
446,Rowan,Bennett,rowan.bennett446@example.test,555-889-5796,2025-09-23
447,Jordan,Diaz,jordan.diaz447@example.test,555-176-6774,2025-01-25
448,Quinn,Green,quinn.green448@example.test,555-550-8932,2025-03-01
449,Parker,Lopez,parker.lopez449@example.test,555-370-5690,2025-11-28
450,Parker,Adams,parker.adams450@example.test,555-971-5514,2024-10-24
451,Reese,Foster,reese.foster451@example.test,555-365-4468,2024-05-11
452,Taylor,Foster,taylor.foster452@example.test,555-862-5176,2024-02-22
453,Casey,Irwin,casey.irwin453@example.test,555-865-1819,2025-02-21
454,Reese,Bennett,reese.bennett454@example.test,555-594-2831,2024-10-23
455,Riley,Clark,riley.clark455@example.test,555-267-6165,2024-12-02
456,Quinn,Foster,quinn.foster456@example.test,555-813-3252,2025-06-27
457,Quinn,Kim,quinn.kim457@example.test,555-379-7153,2024-12-20
458,Casey,Diaz,casey.diaz458@example.test,555-928-1366,2025-06-07
459,Rowan,Green,rowan.green459@example.test,,2025-06-23
460,Reese,Diaz,reese.diaz460@example.test,555-477-4776,2025-11-14
461,Riley,Evans,riley.evans461@example.test,555-941-3116,2025-11-09
462,Rowan,Green,rowan.green462@example.test,555-300-4127,2025-10-19
463,Reese,Green,reese.green463@example.test,555-870-7451,2025-08-09
464,Quinn,Hayes,quinn.hayes464@example.test,555-597-2225,2025-05-21
465,Rowan,Kim,rowan.kim465@example.test,555-912-8326,2025-04-28
466,Riley,Foster,invalid-email,555-916-4903,2024-11-25
467,Skyler,Diaz,skyler.diaz467@example.test,555-653-9806,2025-08-27
468,Rowan,Bennett,rowan.bennett468@example.test,555-507-4736,2025-08-06
469,Morgan,Diaz,morgan.diaz469@example.test,555-987-1357,2024-01-27
470,Taylor,Hayes,taylor.hayes470@example.test,555-993-3223,2025-06-27
471,Reese,Lopez,reese.lopez471@example.test,555-702-7410,2024-02-28
472,Quinn,Evans,quinn.evans472@example.test,555-490-2930,2024-06-30
473,Rowan,Hayes,rowan.hayes473@example.test,555-146-8993,2025-11-11
474,Riley,Diaz,riley.diaz474@example.test,,2025-01-07
475,Rowan,Foster,rowan.foster475@example.test,555-802-3848,2024-01-12
476,Casey,Green,casey.green476@example.test,555-810-4275,2025-10-23
477,Cameron,Hayes,cameron.hayes477@example.test,555-729-5539,2025-10-31
478,Parker,Kim,parker.kim478@example.test,555-841-9477,2024-01-01
479,Skyler,Irwin,skyler.irwin479@example.test,555-142-1509,2025-10-01
480,Avery,Kim,avery.kim480@example.test,555-670-2704,2024-04-04
481,Avery,Diaz,avery.diaz481@example.test,555-258-4674,2025-03-30
482,Taylor,Irwin,taylor.irwin482@example.test,555-534-4124,2024-05-09
483,Taylor,Clark,taylor.clark483@example.test,555-211-2815,2025-03-27
484,Rowan,Adams,rowan.adams484@example.test,555-241-1068,2025-04-25
485,Skyler,Foster,skyler.foster485@example.test,555-596-1829,2024-07-17
486,Jordan,Green,jordan.green486@example.test,555-714-7188,2025-05-09
487,Rowan,Jones,rowan.jones487@example.test,555-192-6635,2025-08-09
488,Jordan,Diaz,jordan.diaz488@example.test,555-754-6525,2025-04-03
489,Quinn,Foster,quinn.foster489@example.test,555-497-8502,2025-07-09
490,Riley,Lopez,riley.lopez490@example.test,555-906-5285,2024-03-17
491,Taylor,Evans,taylor.evans491@example.test,555-352-4639,2025-10-01
492,Riley,Irwin,riley.irwin492@example.test,555-662-1477,2025-05-10
493,Reese,Bennett,reese.bennett493@example.test,555-611-8574,2025-10-08
494,Reese,Adams,reese.adams494@example.test,555-656-6137,2025-11-10
495,Skyler,Green,skyler.green495@example.test,555-930-5817,2024-04-21
496,Taylor,Lopez,taylor.lopez496@example.test,555-493-5593,2024-09-14
497,Rowan,Irwin,rowan.irwin497@example.test,555-973-1787,2025-06-02
498,Rowan,Hayes,rowan.hayes498@example.test,555-512-1114,2024-10-27
499,Rowan,Diaz,rowan.diaz499@example.test,555-243-2582,2025-03-16
500,Avery,Evans,avery.evans500@example.test,555-676-4873,2024-04-12
501,Skyler,Kim,skyler.kim501@example.test,555-964-5916,2025-05-02
502,Rowan,Clark,rowan.clark502@example.test,555-571-4468,2024-09-20
503,Reese,Foster,reese.foster503@example.test,555-159-4079,2025-12-15
504,Quinn,Clark,quinn.clark504@example.test,555-119-7028,2024-03-18
505,Riley,Hayes,riley.hayes505@example.test,555-185-5894,2024-03-06
506,Cameron,Kim,cameron.kim506@example.test,555-513-2037,2024-06-17
507,Rowan,Clark,rowan.clark507@example.test,555-306-8491,2025-05-30
508,Casey,Evans,casey.evans508@example.test,555-305-8265,2025-04-08
509,Taylor,Adams,taylor.adams509@example.test,555-813-4413,2024-02-01
510,Casey,Adams,casey.adams510@example.test,555-898-3472,2025-12-05
511,Cameron,Adams,cameron.adams511@example.test,555-960-3334,2024-10-30
512,Quinn,Evans,quinn.evans512@example.test,555-388-4728,2025-07-01
513,Quinn,Evans,quinn.evans513@example.test,555-530-4617,2024-11-28
514,Rowan,Bennett,rowan.bennett514@example.test,555-311-3207,2024-06-05
515,Morgan,Green,morgan.green515@example.test,555-682-8855,2025-05-10
516,Jordan,Irwin,jordan.irwin516@example.test,555-510-4630,2024-07-02
517,Rowan,Evans,rowan.evans517@example.test,555-533-2936,2024-06-03
518,Casey,Foster,casey.foster518@example.test,555-141-7517,2025-02-02
519,Reese,Irwin,reese.irwin519@example.test,555-342-8380,2024-07-24
520,Taylor,Jones,taylor.jones520@example.test,,2024-09-26
521,Casey,Jones,casey.jones521@example.test,555-645-7876,2025-07-05
522,Taylor,Evans,taylor.evans522@example.test,555-817-4528,2025-02-01
523,Reese,Evans,reese.evans523@example.test,555-302-1471,2025-12-20
524,Parker,Lopez,parker.lopez524@example.test,555-959-4435,2025-03-22
525,Reese,Jones,reese.jones525@example.test,555-935-9721,2024-08-19
526,Reese,Irwin,reese.irwin526@example.test,555-336-2387,2024-01-04
527,Skyler,Adams,skyler.adams527@example.test,555-973-6770,2024-08-23
528,Jordan,Evans,jordan.evans528@example.test,555-227-8001,2025-02-19
529,Taylor,Irwin,taylor.irwin529@example.test,555-778-1257,2025-09-08
530,Quinn,Adams,quinn.adams530@example.test,555-365-5984,2025-04-10
531,Avery,Adams,avery.adams531@example.test,555-552-9911,2024-03-01
532,Reese,Evans,reese.evans532@example.test,555-235-7226,2025-04-05
533,Parker,Clark,parker.clark533@example.test,555-313-2179,2024-07-09
534,Morgan,Diaz,morgan.diaz534@example.test,555-892-8338,2024-02-22
535,Riley,Green,riley.green535@example.test,555-657-7979,2025-11-23
536,Reese,Bennett,invalid-email,555-623-2291,2024-10-06
537,Quinn,Adams,quinn.adams537@example.test,555-462-1030,2024-05-22
538,Taylor,Kim,taylor.kim538@example.test,555-202-3958,2025-04-26
539,Casey,Kim,casey.kim539@example.test,555-559-3966,2024-08-16
540,Skyler,Irwin,skyler.irwin540@example.test,555-273-5961,2025-03-03
541,Cameron,Diaz,cameron.diaz541@example.test,555-981-7826,2024-03-17
542,Reese,Evans,reese.evans542@example.test,555-749-8326,2025-03-12
543,Skyler,Evans,skyler.evans543@example.test,555-214-4084,2024-01-01
544,Skyler,Jones,skyler.jones544@example.test,555-690-3397,2025-04-25
545,Reese,Jones,reese.jones545@example.test,555-774-1035,2024-09-05
546,Parker,Jones,parker.jones546@example.test,555-879-5850,2025-06-01
547,Rowan,Bennett,rowan.bennett547@example.test,555-561-7778,2025-03-17
548,Taylor,Diaz,taylor.diaz548@example.test,555-654-7422,2025-10-30
549,Morgan,Irwin,morgan.irwin549@example.test,555-453-8006,2024-04-10
550,Rowan,Foster,rowan.foster550@example.test,555-624-6491,2024-09-07
551,Jordan,Diaz,jordan.diaz551@example.test,555-938-6424,2024-12-29
552,Morgan,Adams,morgan.adams552@example.test,555-656-7319,2024-02-03
553,Casey,Adams,casey.adams553@example.test,555-843-5803,2024-05-08
554,Quinn,Adams,quinn.adams554@example.test,555-215-9746,2024-01-29
555,Jordan,Hayes,jordan.hayes555@example.test,,2024-05-21
556,Taylor,Diaz,taylor.diaz556@example.test,555-309-9893,2024-04-07
557,Reese,Adams,reese.adams557@example.test,555-305-6744,2025-08-06
558,Reese,Jones,reese.jones558@example.test,555-972-3789,2025-01-04
559,Casey,Kim,casey.kim559@example.test,555-547-9412,2024-01-11
560,Morgan,Clark,morgan.clark560@example.test,555-804-2064,2024-09-05
561,Taylor,Bennett,taylor.bennett561@example.test,555-397-3406,2024-03-23
562,Avery,Hayes,avery.hayes562@example.test,555-899-5623,2025-05-28
563,Avery,Lopez,avery.lopez563@example.test,555-864-7790,2025-08-25
564,Skyler,Clark,skyler.clark564@example.test,555-915-1450,2024-10-29
565,Taylor,Evans,taylor.evans565@example.test,555-945-7046,2025-11-07
566,Cameron,Hayes,cameron.hayes566@example.test,555-916-2193,2024-07-24
567,Riley,Kim,riley.kim567@example.test,,2025-05-14
568,Cameron,Kim,cameron.kim568@example.test,555-505-4894,2024-12-14
569,Avery,Lopez,avery.lopez569@example.test,555-210-6851,2025-12-03
570,Riley,Green,riley.green570@example.test,555-692-1424,2025-08-05
571,Avery,Lopez,avery.lopez571@example.test,555-802-9297,2025-05-17
572,Morgan,Bennett,morgan.bennett572@example.test,555-606-4450,2024-01-19
573,Cameron,Bennett,cameron.bennett573@example.test,555-974-1236,2024-06-05
574,Riley,Adams,riley.adams574@example.test,,2024-09-26
575,Jordan,Adams,jordan.adams575@example.test,555-413-3359,2024-06-06
576,Rowan,Jones,rowan.jones576@example.test,555-687-4767,2024-08-26
577,Casey,Diaz,casey.diaz577@example.test,555-551-5184,2025-09-25
578,Skyler,Diaz,skyler.diaz578@example.test,555-960-8901,2024-06-09
579,Skyler,Green,skyler.green579@example.test,555-730-6072,2025-03-24
580,Jordan,Jones,jordan.jones580@example.test,555-455-4481,2024-10-16
581,Skyler,Clark,skyler.clark581@example.test,555-253-2210,2024-04-05
582,Quinn,Clark,quinn.clark582@example.test,555-596-6515,2024-06-15
583,Rowan,Jones,rowan.jones583@example.test,,2024-04-09
584,Parker,Bennett,parker.bennett584@example.test,555-470-9459,2024-11-20
585,Parker,Diaz,parker.diaz585@example.test,555-110-1540,2024-02-17
586,Casey,Bennett,casey.bennett586@example.test,555-567-4907,2024-05-06
587,Parker,Bennett,parker.bennett587@example.test,555-354-2709,2025-07-11
588,Parker,Diaz,parker.diaz588@example.test,555-810-2044,2024-09-07
589,Skyler,Irwin,skyler.irwin589@example.test,555-684-8371,2025-01-01
590,Parker,Clark,parker.clark590@example.test,555-572-6776,2025-05-11
591,Riley,Diaz,riley.diaz591@example.test,555-738-9650,2024-12-30
592,Avery,Irwin,avery.irwin592@example.test,555-660-8692,2025-01-18
593,Skyler,Evans,skyler.evans593@example.test,555-536-1604,2024-11-09
594,Rowan,Green,rowan.green594@example.test,555-170-5675,2025-07-26
595,Skyler,Green,skyler.green595@example.test,555-531-9889,2025-09-14
596,Taylor,Irwin,taylor.irwin596@example.test,555-874-6171,2024-01-31
597,Riley,Evans,riley.evans597@example.test,555-803-4103,2024-07-23
598,Quinn,Lopez,quinn.lopez598@example.test,555-485-8051,2025-08-12
599,Parker,Foster,parker.foster599@example.test,555-523-9116,2025-10-20
600,Cameron,Hayes,cameron.hayes600@example.test,555-135-6455,2024-02-04
601,Reese,Evans,reese.evans601@example.test,555-485-7451,2025-09-23
602,Jordan,Diaz,jordan.diaz602@example.test,555-515-4934,2024-02-06
603,Rowan,Bennett,rowan.bennett603@example.test,555-135-4723,2024-08-21
604,Avery,Lopez,avery.lopez604@example.test,555-175-4737,2025-04-26
605,Rowan,Hayes,rowan.hayes605@example.test,555-949-2049,2025-05-15
606,Reese,Bennett,reese.bennett606@example.test,555-793-3847,2025-07-19
607,Parker,Kim,parker.kim607@example.test,555-389-3966,2024-09-04
608,Skyler,Lopez,skyler.lopez608@example.test,555-970-2366,2024-05-25
609,Jordan,Hayes,jordan.hayes609@example.test,555-217-1348,2025-09-14
610,Rowan,Green,rowan.green610@example.test,555-419-3955,2024-10-18
611,Skyler,Irwin,skyler.irwin611@example.test,555-921-5008,2024-07-21
612,Cameron,Jones,cameron.jones612@example.test,555-402-8700,2025-04-11
613,Parker,Irwin,parker.irwin613@example.test,555-244-7891,2025-11-20
614,Skyler,Jones,skyler.jones614@example.test,555-416-8673,2024-12-03
615,Riley,Clark,riley.clark615@example.test,555-449-3785,2025-09-13
616,Cameron,Irwin,cameron.irwin616@example.test,555-716-8697,2025-11-13
617,Cameron,Evans,cameron.evans617@example.test,555-800-3414,2025-06-12
618,Skyler,Hayes,skyler.hayes618@example.test,555-680-6765,2024-08-01
619,Casey,Kim,casey.kim619@example.test,555-206-9554,2024-01-25
620,Cameron,Kim,cameron.kim620@example.test,555-762-6427,2024-10-25
621,Casey,Irwin,casey.irwin621@example.test,555-304-7337,2024-11-09
622,Quinn,Adams,quinn.adams622@example.test,555-521-5162,2024-02-14
623,Skyler,Adams,skyler.adams623@example.test,555-368-6429,2025-08-10
624,Reese,Diaz,reese.diaz624@example.test,555-936-3853,2025-03-24
625,Avery,Hayes,avery.hayes625@example.test,555-281-9192,2024-01-05
626,Skyler,Diaz,skyler.diaz626@example.test,555-147-4136,2025-08-03
627,Morgan,Kim,morgan.kim627@example.test,555-424-9791,2025-05-09
628,Casey,Foster,casey.foster628@example.test,555-428-2847,2024-11-15
629,Reese,Evans,reese.evans629@example.test,555-522-6972,2025-12-08
630,Riley,Diaz,riley.diaz630@example.test,555-416-9775,2024-01-13
631,Quinn,Green,quinn.green631@example.test,555-475-4786,2024-01-28
632,Casey,Evans,casey.evans632@example.test,555-944-3445,2024-01-12
633,Morgan,Green,morgan.green633@example.test,555-836-4686,2025-12-13
634,Riley,Lopez,riley.lopez634@example.test,555-943-6541,2025-06-29
635,Morgan,Kim,morgan.kim635@example.test,555-381-9665,2025-08-23
636,Jordan,Diaz,jordan.diaz636@example.test,555-557-4735,2025-10-20
637,Quinn,Clark,quinn.clark637@example.test,555-109-4703,2025-09-06
638,Cameron,Diaz,cameron.diaz638@example.test,555-237-6791,2025-03-03
639,Riley,Clark,riley.clark639@example.test,555-923-8751,2024-12-12
640,Avery,Green,avery.green640@example.test,555-573-5070,2025-05-08
641,Quinn,Hayes,quinn.hayes641@example.test,555-189-3537,2024-01-01
642,Quinn,Diaz,quinn.diaz642@example.test,,2025-10-07
643,Riley,Green,riley.green643@example.test,555-437-1851,2025-10-14
644,Jordan,Jones,jordan.jones644@example.test,555-266-5371,2025-03-06
645,Avery,Irwin,avery.irwin645@example.test,555-514-4945,2024-10-17
646,Skyler,Foster,skyler.foster646@example.test,555-899-9254,2025-05-26
647,Morgan,Bennett,morgan.bennett647@example.test,555-976-7961,2024-02-02
648,Cameron,Irwin,cameron.irwin648@example.test,555-212-4372,2024-07-12
649,Reese,Irwin,reese.irwin649@example.test,555-834-9635,2024-05-21
650,Skyler,Hayes,skyler.hayes650@example.test,555-768-3077,2024-10-02
651,Parker,Bennett,parker.bennett651@example.test,555-499-5426,2024-10-08
652,Riley,Green,riley.green652@example.test,555-804-1917,2024-01-11
653,Cameron,Jones,cameron.jones653@example.test,555-317-4053,2024-01-17
654,Rowan,Hayes,rowan.hayes654@example.test,555-630-1739,2025-12-29
655,Reese,Hayes,reese.hayes655@example.test,555-246-8884,2024-11-11
656,Avery,Bennett,avery.bennett656@example.test,555-696-7875,2024-09-15
657,Parker,Green,parker.green657@example.test,555-638-9144,2024-07-19
658,Riley,Kim,riley.kim658@example.test,,2024-02-26
659,Quinn,Bennett,quinn.bennett659@example.test,555-437-8874,2025-07-01
660,Casey,Bennett,casey.bennett660@example.test,555-519-9770,2024-07-29
661,Avery,Irwin,avery.irwin661@example.test,555-542-8976,2024-10-05
662,Avery,Clark,avery.clark662@example.test,555-739-5076,2024-09-21
663,Reese,Bennett,reese.bennett663@example.test,555-858-3641,2024-07-12
664,Cameron,Green,cameron.green664@example.test,555-471-3676,2024-04-15
665,Rowan,Jones,rowan.jones665@example.test,555-855-3502,2025-02-09
666,Riley,Green,riley.green666@example.test,555-446-9428,2025-12-11
667,Morgan,Jones,morgan.jones667@example.test,555-187-3838,2024-07-05
668,Morgan,Evans,morgan.evans668@example.test,555-763-6603,2024-04-09
669,Rowan,Green,rowan.green669@example.test,555-487-4269,2024-10-15
670,Skyler,Jones,skyler.jones670@example.test,555-221-6734,2025-06-10
671,Taylor,Lopez,taylor.lopez671@example.test,555-791-5261,2024-05-29
672,Casey,Diaz,casey.diaz672@example.test,555-990-5186,2024-04-13
673,Jordan,Jones,jordan.jones673@example.test,555-393-6228,2024-05-17
674,Riley,Kim,riley.kim674@example.test,555-244-6127,2024-08-01
675,Quinn,Diaz,quinn.diaz675@example.test,,2024-05-17
676,Rowan,Irwin,rowan.irwin676@example.test,,2024-11-20
677,Taylor,Lopez,taylor.lopez677@example.test,555-811-8418,2025-11-12
678,Parker,Evans,parker.evans678@example.test,555-409-9767,2024-08-10
679,Taylor,Evans,taylor.evans679@example.test,555-715-5045,2025-09-16
680,Avery,Green,avery.green680@example.test,555-646-9698,2025-11-20
681,Morgan,Kim,morgan.kim681@example.test,555-105-3411,2024-03-05
682,Parker,Bennett,parker.bennett682@example.test,555-225-4507,2025-06-24
683,Quinn,Kim,quinn.kim683@example.test,555-119-7741,2025-01-30
684,Skyler,Evans,skyler.evans684@example.test,555-828-3670,2024-03-03
685,Reese,Irwin,reese.irwin685@example.test,555-385-6817,2024-03-21
686,Rowan,Adams,rowan.adams686@example.test,555-982-9240,2024-11-01
687,Reese,Clark,reese.clark687@example.test,555-284-3721,2024-06-07
688,Skyler,Jones,skyler.jones688@example.test,555-482-6327,2025-03-10
689,Avery,Adams,avery.adams689@example.test,555-145-8008,2025-11-16
690,Riley,Adams,riley.adams690@example.test,555-916-8968,2025-08-31
691,Reese,Bennett,reese.bennett691@example.test,555-533-6137,2024-05-28
692,Casey,Green,casey.green692@example.test,555-768-6753,2025-04-07
693,Jordan,Green,jordan.green693@example.test,555-743-5881,2024-01-17
694,Parker,Jones,parker.jones694@example.test,555-222-4009,2025-11-20
695,Parker,Adams,parker.adams695@example.test,555-719-3383,2025-12-14
696,Riley,Adams,riley.adams696@example.test,555-888-7268,2024-11-27
697,Rowan,Hayes,rowan.hayes697@example.test,555-436-6588,2024-02-02
698,Avery,Lopez,avery.lopez698@example.test,555-199-9716,2024-03-29
699,Morgan,Kim,morgan.kim699@example.test,555-349-8550,2025-01-09
700,Parker,Kim,parker.kim700@example.test,555-885-9134,2025-11-17
701,Casey,Green,casey.green701@example.test,,2025-03-16
702,Quinn,Hayes,quinn.hayes702@example.test,555-948-5517,2025-08-03
703,Casey,Bennett,casey.bennett703@example.test,,2025-02-17
704,Quinn,Bennett,quinn.bennett704@example.test,555-106-3669,2024-08-27
705,Skyler,Kim,skyler.kim705@example.test,555-258-9132,2024-07-01
706,Cameron,Foster,cameron.foster706@example.test,555-443-2782,2025-10-05
707,Skyler,Clark,skyler.clark707@example.test,555-237-4624,2025-11-02
708,Parker,Evans,parker.evans708@example.test,555-173-6195,2024-03-12
709,Reese,Bennett,reese.bennett709@example.test,555-688-7699,2025-11-11
710,Casey,Evans,casey.evans710@example.test,555-256-1029,2025-08-21
711,Rowan,Foster,rowan.foster711@example.test,555-959-3601,2025-04-13
712,Riley,Kim,riley.kim712@example.test,555-999-5569,2024-09-06
713,Morgan,Diaz,morgan.diaz713@example.test,555-101-6335,2024-08-11
714,Parker,Jones,parker.jones714@example.test,555-408-4519,2025-03-21
715,Jordan,Diaz,jordan.diaz715@example.test,555-761-3505,2025-09-01
716,Parker,Kim,parker.kim716@example.test,555-866-1183,2024-11-02
717,Avery,Adams,avery.adams717@example.test,555-690-1425,2025-11-15
718,Taylor,Kim,taylor.kim718@example.test,,2025-12-07
719,Morgan,Irwin,morgan.irwin719@example.test,555-435-1171,2024-03-09
720,Cameron,Irwin,cameron.irwin720@example.test,555-477-8095,2024-02-29
721,Morgan,Clark,morgan.clark721@example.test,555-839-8079,2025-08-03
722,Morgan,Jones,morgan.jones722@example.test,555-467-3595,2024-09-01
723,Skyler,Foster,skyler.foster723@example.test,555-553-2495,2025-05-22
724,Cameron,Green,cameron.green724@example.test,555-368-9818,2024-07-29
725,Quinn,Hayes,quinn.hayes725@example.test,555-446-8413,2025-12-06
726,Cameron,Foster,cameron.foster726@example.test,555-854-9067,2024-03-17
727,Casey,Evans,casey.evans727@example.test,555-492-2365,2024-04-05
728,Casey,Diaz,casey.diaz728@example.test,555-454-8092,2025-01-12
729,Avery,Foster,avery.foster729@example.test,,2025-11-08
730,Skyler,Lopez,skyler.lopez730@example.test,555-539-6598,2024-06-15
731,Reese,Bennett,reese.bennett731@example.test,555-557-1533,2025-02-10
732,Morgan,Jones,morgan.jones732@example.test,555-103-6179,2025-01-28
733,Cameron,Irwin,cameron.irwin733@example.test,555-653-2445,2024-10-05
734,Casey,Jones,casey.jones734@example.test,555-780-9657,2024-12-02
735,Morgan,Green,morgan.green735@example.test,555-524-9530,2025-01-12
736,Morgan,Green,morgan.green736@example.test,555-390-5049,2025-04-24
737,Morgan,Foster,morgan.foster737@example.test,555-428-5583,2025-10-18
738,Skyler,Evans,skyler.evans738@example.test,555-950-4466,2025-05-05
739,Cameron,Clark,cameron.clark739@example.test,555-290-5674,2025-06-09
740,Avery,Foster,avery.foster740@example.test,555-280-5282,2025-12-06
741,Skyler,Foster,skyler.foster741@example.test,555-123-2830,2024-10-12
742,Riley,Bennett,riley.bennett742@example.test,,2024-09-08
743,Quinn,Kim,quinn.kim743@example.test,555-925-9323,2024-03-10
744,Skyler,Foster,skyler.foster744@example.test,555-931-8637,2024-03-28
745,Jordan,Lopez,jordan.lopez745@example.test,,2024-05-27
746,Riley,Irwin,riley.irwin746@example.test,555-235-2501,2025-04-24
747,Rowan,Hayes,rowan.hayes747@example.test,555-892-5272,2024-03-22
748,Casey,Foster,casey.foster748@example.test,555-309-3404,2025-11-23
749,Morgan,Bennett,morgan.bennett749@example.test,555-206-6804,2024-05-05
750,Avery,Kim,avery.kim750@example.test,555-828-3842,2025-02-08
751,Taylor,Lopez,taylor.lopez751@example.test,555-276-8143,2024-01-24
752,Quinn,Hayes,quinn.hayes752@example.test,555-152-8260,2025-05-12
753,Jordan,Diaz,jordan.diaz753@example.test,555-537-2598,2024-05-18
754,Riley,Kim,riley.kim754@example.test,555-354-7190,2024-05-27
755,Cameron,Foster,cameron.foster755@example.test,,2025-03-26
756,Casey,Foster,casey.foster756@example.test,555-812-1351,2025-07-29
757,Rowan,Jones,rowan.jones757@example.test,,2024-03-11
758,Cameron,Bennett,cameron.bennett758@example.test,555-367-7171,2025-08-09
759,Cameron,Kim,cameron.kim759@example.test,555-723-1244,2024-11-01
760,Cameron,Green,cameron.green760@example.test,555-203-3014,2024-02-15
761,Riley,Evans,riley.evans761@example.test,555-412-7121,2025-06-02
762,Riley,Jones,riley.jones762@example.test,555-969-7808,2024-12-30
763,Parker,Jones,parker.jones763@example.test,555-773-3241,2024-02-27
764,Rowan,Evans,rowan.evans764@example.test,555-855-5565,2024-03-09
765,Parker,Evans,parker.evans765@example.test,555-164-7691,2025-02-02
766,Casey,Clark,casey.clark766@example.test,555-859-9764,2024-06-22
767,Jordan,Diaz,jordan.diaz767@example.test,555-714-5726,2024-08-14
768,Rowan,Adams,rowan.adams768@example.test,555-969-3624,2025-10-20
769,Parker,Jones,parker.jones769@example.test,555-386-7380,2024-05-05
770,Cameron,Clark,cameron.clark770@example.test,555-112-3375,2025-02-13
771,Avery,Irwin,avery.irwin771@example.test,555-683-7972,2024-10-31
772,Skyler,Evans,skyler.evans772@example.test,555-690-7276,2024-04-08
773,Rowan,Hayes,rowan.hayes773@example.test,555-280-1994,2025-08-08
774,Skyler,Hayes,skyler.hayes774@example.test,555-703-1600,2025-03-23
775,Rowan,Jones,rowan.jones775@example.test,555-500-5439,2024-12-27
776,Morgan,Irwin,morgan.irwin776@example.test,555-774-6407,2024-09-17
777,Avery,Diaz,avery.diaz777@example.test,555-440-5528,2024-12-04
778,Avery,Bennett,avery.bennett778@example.test,555-607-5358,2024-03-18
779,Casey,Hayes,casey.hayes779@example.test,555-341-3139,2025-04-28
780,Casey,Adams,casey.adams780@example.test,555-856-4128,2025-10-01
781,Riley,Irwin,riley.irwin781@example.test,555-831-9741,2024-05-23
782,Parker,Diaz,parker.diaz782@example.test,555-209-7647,2024-12-26
783,Parker,Hayes,parker.hayes783@example.test,555-590-7544,2024-03-13
784,Parker,Irwin,parker.irwin784@example.test,555-718-5540,2024-07-09
785,Parker,Jones,parker.jones785@example.test,555-118-7061,2025-12-07
786,Jordan,Diaz,jordan.diaz786@example.test,555-937-7091,2025-08-26
787,Cameron,Hayes,cameron.hayes787@example.test,555-593-7661,2024-12-19
788,Jordan,Hayes,jordan.hayes788@example.test,555-865-8795,2024-11-13
789,Taylor,Hayes,taylor.hayes789@example.test,555-201-1345,2024-12-29
790,Riley,Evans,riley.evans790@example.test,555-662-2173,2025-09-15
791,Avery,Hayes,avery.hayes791@example.test,555-973-8220,2024-02-23
792,Morgan,Adams,morgan.adams792@example.test,555-801-1037,2024-10-11
793,Morgan,Lopez,morgan.lopez793@example.test,555-398-9970,2024-08-18
794,Quinn,Diaz,quinn.diaz794@example.test,555-905-8771,2024-09-18
795,Avery,Evans,avery.evans795@example.test,555-345-3464,2025-03-28
796,Riley,Lopez,riley.lopez796@example.test,555-451-8455,2024-04-26
797,Skyler,Kim,skyler.kim797@example.test,555-857-3577,2025-04-03
798,Skyler,Hayes,skyler.hayes798@example.test,555-982-6182,2025-08-30
799,Rowan,Kim,rowan.kim799@example.test,555-874-8521,2025-03-16
800,Riley,Lopez,riley.lopez800@example.test,555-786-5734,2025-12-09
801,Rowan,Hayes,rowan.hayes801@example.test,,2024-01-07
802,Morgan,Foster,morgan.foster802@example.test,555-388-6582,2024-09-24
803,Rowan,Bennett,rowan.bennett803@example.test,555-531-7890,2024-09-18
804,Jordan,Foster,jordan.foster804@example.test,555-732-5069,2024-01-26
805,Quinn,Adams,quinn.adams805@example.test,555-392-4863,2025-06-05
806,Parker,Lopez,parker.lopez806@example.test,555-247-2775,2024-10-07
807,Riley,Foster,riley.foster807@example.test,555-945-3823,2024-06-06
808,Parker,Adams,parker.adams808@example.test,555-626-1582,2025-02-04
809,Jordan,Clark,jordan.clark809@example.test,555-230-8604,2025-01-01
810,Morgan,Evans,morgan.evans810@example.test,555-219-7178,2025-12-24
811,Taylor,Lopez,taylor.lopez811@example.test,555-691-8434,2025-01-14
812,Cameron,Kim,cameron.kim812@example.test,555-333-2779,2025-08-21
813,Skyler,Adams,skyler.adams813@example.test,555-710-5374,2024-04-04
814,Reese,Bennett,reese.bennett814@example.test,555-189-2683,2025-11-16
815,Avery,Green,avery.green815@example.test,555-929-3107,2024-11-21
816,Casey,Foster,casey.foster816@example.test,555-820-1639,2024-12-15
817,Casey,Bennett,casey.bennett817@example.test,555-136-2232,2024-10-10
818,Riley,Green,riley.green818@example.test,555-390-6366,2025-01-28
819,Avery,Lopez,invalid-email,,2024-03-11
820,Rowan,Diaz,rowan.diaz820@example.test,,2024-05-05
821,Riley,Kim,riley.kim821@example.test,555-127-8329,2025-06-07
822,Rowan,Kim,rowan.kim822@example.test,555-885-5408,2024-05-28
823,Casey,Irwin,casey.irwin823@example.test,555-615-5478,2025-09-29
824,Quinn,Evans,quinn.evans824@example.test,555-428-4591,2024-07-08
825,Cameron,Green,cameron.green825@example.test,,2025-04-10
826,Cameron,Foster,cameron.foster826@example.test,555-271-6795,2024-03-17
827,Riley,Irwin,riley.irwin827@example.test,555-497-8899,2024-06-11
828,Cameron,Bennett,cameron.bennett828@example.test,555-207-3659,2024-05-13
829,Morgan,Evans,morgan.evans829@example.test,555-900-5826,2025-06-01
830,Jordan,Bennett,jordan.bennett830@example.test,555-208-2713,2025-09-15
831,Avery,Evans,avery.evans831@example.test,,2025-06-13
832,Reese,Foster,reese.foster832@example.test,555-581-9046,2025-08-11
833,Taylor,Kim,taylor.kim833@example.test,555-233-4505,2024-11-24
834,Avery,Irwin,avery.irwin834@example.test,,2024-06-24
835,Riley,Green,riley.green835@example.test,555-656-7979,2025-07-30
836,Casey,Kim,casey.kim836@example.test,555-284-3899,2025-11-14
837,Taylor,Hayes,taylor.hayes837@example.test,555-996-2669,2024-08-31
838,Morgan,Lopez,morgan.lopez838@example.test,555-821-9690,2025-04-15
839,Reese,Clark,reese.clark839@example.test,555-993-9271,2025-07-29
840,Quinn,Clark,quinn.clark840@example.test,555-627-7628,2024-03-03
841,Morgan,Adams,morgan.adams841@example.test,,2025-10-12
842,Parker,Green,parker.green842@example.test,555-268-9514,2024-12-20
843,Taylor,Green,taylor.green843@example.test,555-775-7302,2024-08-30
844,Parker,Clark,parker.clark844@example.test,555-761-1097,2025-01-09
845,Rowan,Irwin,rowan.irwin845@example.test,555-425-7041,2025-11-13
846,Parker,Hayes,parker.hayes846@example.test,555-871-9921,2025-03-17
847,Quinn,Hayes,quinn.hayes847@example.test,555-254-8533,2024-11-11
848,Quinn,Diaz,quinn.diaz848@example.test,555-978-9988,2025-12-10
849,Cameron,Clark,cameron.clark849@example.test,555-599-7778,2024-09-12
850,Reese,Kim,reese.kim850@example.test,555-530-1741,2024-06-18
851,Reese,Clark,reese.clark851@example.test,555-900-6886,2024-04-01
852,Avery,Adams,avery.adams852@example.test,555-384-8828,2024-07-08
853,Reese,Adams,reese.adams853@example.test,555-891-8781,2025-09-03
854,Jordan,Lopez,jordan.lopez854@example.test,555-530-9572,2025-02-18
855,Reese,Clark,reese.clark855@example.test,555-523-5269,2025-03-05
856,Quinn,Lopez,quinn.lopez856@example.test,,2025-04-01
857,Cameron,Irwin,cameron.irwin857@example.test,555-168-1532,2024-09-03
858,Avery,Irwin,avery.irwin858@example.test,555-883-4804,2025-07-01
859,Riley,Green,riley.green859@example.test,555-530-8914,2024-09-05
860,Cameron,Foster,cameron.foster860@example.test,555-528-4507,2024-12-11
861,Riley,Hayes,riley.hayes861@example.test,,2025-11-01
862,Parker,Irwin,parker.irwin862@example.test,555-781-8583,2024-09-04
863,Cameron,Irwin,cameron.irwin863@example.test,555-754-7304,2024-03-04
864,Skyler,Irwin,skyler.irwin864@example.test,555-821-7530,2025-07-30
865,Parker,Kim,parker.kim865@example.test,555-717-9415,2024-08-14
866,Jordan,Adams,jordan.adams866@example.test,555-486-7656,2025-02-04
867,Parker,Clark,parker.clark867@example.test,555-187-3203,2025-08-07
868,Taylor,Lopez,taylor.lopez868@example.test,,2024-02-07
869,Jordan,Hayes,jordan.hayes869@example.test,555-309-3935,2025-04-20
870,Cameron,Clark,cameron.clark870@example.test,555-842-7881,2025-04-25
871,Avery,Lopez,avery.lopez871@example.test,555-597-3285,2025-08-10
872,Quinn,Clark,quinn.clark872@example.test,555-543-1613,2025-10-05
873,Cameron,Foster,cameron.foster873@example.test,555-700-1916,2024-02-29
874,Morgan,Irwin,invalid-email,555-919-2298,2025-09-09
875,Avery,Clark,avery.clark875@example.test,555-582-8925,2024-09-19
876,Parker,Irwin,parker.irwin876@example.test,555-756-6501,2024-08-09
877,Casey,Jones,casey.jones877@example.test,,2024-02-18
878,Morgan,Jones,morgan.jones878@example.test,555-582-8186,2024-04-22
879,Skyler,Green,skyler.green879@example.test,555-211-3420,2024-09-07
880,Morgan,Green,morgan.green880@example.test,555-710-5064,2025-07-31
881,Rowan,Adams,rowan.adams881@example.test,,2025-09-27
882,Parker,Lopez,parker.lopez882@example.test,555-451-3829,2025-02-12
883,Quinn,Lopez,quinn.lopez883@example.test,,2025-08-05
884,Jordan,Hayes,jordan.hayes884@example.test,555-443-7787,2025-08-28
885,Morgan,Kim,morgan.kim885@example.test,555-941-6084,2024-03-29
886,Taylor,Lopez,taylor.lopez886@example.test,555-360-5257,2025-12-17
887,Reese,Green,reese.green887@example.test,555-565-1916,2024-12-13
888,Quinn,Diaz,quinn.diaz888@example.test,555-981-8775,2025-04-14
889,Riley,Lopez,riley.lopez889@example.test,555-543-3825,2025-04-23
890,Casey,Hayes,casey.hayes890@example.test,555-467-3190,2024-09-02
891,Skyler,Kim,skyler.kim891@example.test,,2025-10-17
892,Cameron,Diaz,cameron.diaz892@example.test,555-542-5480,2024-04-03
893,Rowan,Clark,rowan.clark893@example.test,555-247-4868,2024-10-25
894,Cameron,Jones,cameron.jones894@example.test,555-287-6705,2024-06-07
895,Quinn,Clark,quinn.clark895@example.test,555-608-9539,2024-08-03
896,Morgan,Clark,morgan.clark896@example.test,555-598-7309,2024-03-01
897,Casey,Green,casey.green897@example.test,555-788-8683,2025-12-25
898,Avery,Diaz,avery.diaz898@example.test,555-928-6063,2025-02-03
899,Parker,Jones,parker.jones899@example.test,555-884-6327,2025-07-26
900,Skyler,Clark,skyler.clark900@example.test,,2025-10-24
901,Casey,Irwin,casey.irwin901@example.test,555-414-8547,2025-12-07
902,Casey,Foster,casey.foster902@example.test,555-718-7506,2024-11-21
903,Casey,Lopez,casey.lopez903@example.test,555-625-2081,2024-02-28
904,Skyler,Jones,skyler.jones904@example.test,,2024-07-17
905,Reese,Evans,reese.evans905@example.test,,2025-10-29
906,Quinn,Clark,quinn.clark906@example.test,555-678-1671,2024-05-02
907,Taylor,Kim,taylor.kim907@example.test,555-471-2964,2025-09-18
908,Jordan,Kim,jordan.kim908@example.test,555-461-2908,2024-07-29
909,Casey,Lopez,casey.lopez909@example.test,555-474-7534,2024-11-12
910,Riley,Green,riley.green910@example.test,555-546-4506,2024-09-24
911,Parker,Hayes,parker.hayes911@example.test,555-861-2148,2024-07-28
912,Riley,Jones,riley.jones912@example.test,555-827-6981,2025-01-26
913,Skyler,Irwin,skyler.irwin913@example.test,555-342-6309,2025-07-22
914,Jordan,Jones,jordan.jones914@example.test,555-773-7747,2025-10-20
915,Morgan,Hayes,morgan.hayes915@example.test,555-889-1563,2025-06-07
916,Quinn,Irwin,quinn.irwin916@example.test,555-832-7083,2025-06-30
917,Quinn,Diaz,quinn.diaz917@example.test,555-931-8589,2025-05-26
918,Riley,Evans,riley.evans918@example.test,555-486-1533,2025-06-05
919,Jordan,Green,jordan.green919@example.test,555-502-1293,2024-06-12
920,Jordan,Irwin,jordan.irwin920@example.test,555-198-6894,2024-07-07
921,Morgan,Green,morgan.green921@example.test,555-817-9609,2024-12-17
922,Reese,Kim,reese.kim922@example.test,555-856-9574,2024-06-09
923,Jordan,Foster,jordan.foster923@example.test,,2024-01-22
924,Rowan,Diaz,rowan.diaz924@example.test,555-372-6341,2025-03-07
925,Parker,Hayes,parker.hayes925@example.test,555-522-4037,2025-12-07
926,Rowan,Lopez,rowan.lopez926@example.test,555-278-7644,2024-01-26
927,Quinn,Clark,quinn.clark927@example.test,555-146-6771,2025-10-01
928,Quinn,Foster,quinn.foster928@example.test,555-801-9136,2025-04-21
929,Jordan,Kim,jordan.kim929@example.test,555-809-2983,2025-01-02
930,Taylor,Bennett,taylor.bennett930@example.test,555-186-2432,2025-01-28
931,Taylor,Clark,taylor.clark931@example.test,555-464-6265,2025-12-15
932,Rowan,Jones,rowan.jones932@example.test,555-620-8724,2024-04-14
933,Rowan,Bennett,rowan.bennett933@example.test,555-894-6685,2024-01-04
934,Riley,Kim,riley.kim934@example.test,555-193-9944,2025-11-25
935,Parker,Diaz,parker.diaz935@example.test,555-424-2359,2024-06-06
936,Quinn,Clark,quinn.clark936@example.test,555-590-9674,2024-09-11
937,Rowan,Hayes,rowan.hayes937@example.test,555-827-6653,2024-09-21
938,Quinn,Jones,quinn.jones938@example.test,555-986-2419,2025-04-02
939,Rowan,Evans,rowan.evans939@example.test,555-594-8173,2024-01-27
940,Cameron,Hayes,cameron.hayes940@example.test,555-704-6558,2025-03-13
941,Morgan,Clark,morgan.clark941@example.test,555-540-5743,2025-09-19
942,Taylor,Clark,taylor.clark942@example.test,555-978-3797,2025-07-05
943,Reese,Clark,reese.clark943@example.test,,2025-01-10
944,Rowan,Hayes,rowan.hayes944@example.test,555-419-9683,2024-11-30
945,Taylor,Adams,taylor.adams945@example.test,555-926-1413,2024-05-17
946,Casey,Bennett,casey.bennett946@example.test,555-176-1104,2024-10-10
947,Cameron,Foster,cameron.foster947@example.test,555-506-9446,2024-07-26
948,Taylor,Irwin,taylor.irwin948@example.test,555-100-2651,2024-02-12
949,Taylor,Foster,taylor.foster949@example.test,555-161-3688,2024-03-07
950,Rowan,Lopez,rowan.lopez950@example.test,555-776-7423,2025-01-26
951,Reese,Jones,reese.jones951@example.test,555-615-9549,2025-06-11
952,Skyler,Adams,skyler.adams952@example.test,555-731-4765,2024-10-06
953,Quinn,Jones,quinn.jones953@example.test,555-929-4888,2025-09-14
954,Quinn,Diaz,quinn.diaz954@example.test,555-887-8760,2025-03-27
955,Riley,Bennett,riley.bennett955@example.test,555-529-3116,2024-10-04
956,Reese,Diaz,reese.diaz956@example.test,555-881-6394,2024-08-30
957,Rowan,Diaz,rowan.diaz957@example.test,555-732-6668,2025-10-10
958,Parker,Bennett,parker.bennett958@example.test,555-332-1899,2024-03-12
959,Riley,Evans,riley.evans959@example.test,555-797-5393,2025-12-23
960,Avery,Adams,avery.adams960@example.test,555-298-4028,2025-09-28
961,Casey,Green,casey.green961@example.test,555-541-8923,2024-10-13
962,Taylor,Adams,taylor.adams962@example.test,,2025-11-02
963,Reese,Hayes,reese.hayes963@example.test,555-640-2248,2024-08-03
964,Casey,Jones,casey.jones964@example.test,555-521-2604,2024-11-18
965,Morgan,Irwin,morgan.irwin965@example.test,555-391-4255,2025-11-12
966,Skyler,Adams,skyler.adams966@example.test,555-589-7583,2024-01-20
967,Jordan,Hayes,jordan.hayes967@example.test,,2024-05-29
968,Reese,Irwin,reese.irwin968@example.test,555-746-9832,2025-01-28
969,Skyler,Bennett,skyler.bennett969@example.test,555-500-7087,2025-03-03
970,Morgan,Diaz,morgan.diaz970@example.test,555-745-1408,2025-11-13
971,Jordan,Kim,jordan.kim971@example.test,555-916-1574,2024-09-14
972,Quinn,Diaz,quinn.diaz972@example.test,555-407-3903,2025-10-21
973,Jordan,Bennett,jordan.bennett973@example.test,555-229-8452,2025-11-27
974,Cameron,Clark,cameron.clark974@example.test,555-857-1126,2024-11-27
975,Jordan,Irwin,jordan.irwin975@example.test,555-775-7444,2025-11-18
976,Jordan,Evans,jordan.evans976@example.test,555-554-6453,2025-03-01
977,Taylor,Lopez,taylor.lopez977@example.test,555-681-3967,2025-03-21
978,Parker,Kim,parker.kim978@example.test,555-672-2848,2025-04-09
979,Morgan,Bennett,morgan.bennett979@example.test,,2025-02-03
980,Avery,Jones,avery.jones980@example.test,,2025-02-13
981,Jordan,Lopez,jordan.lopez981@example.test,555-357-9889,2025-06-30
982,Cameron,Diaz,invalid-email,555-605-4844,2025-05-25
983,Jordan,Foster,jordan.foster983@example.test,555-187-8922,2024-06-24
984,Avery,Lopez,avery.lopez984@example.test,555-976-5767,2025-08-30
985,Parker,Clark,parker.clark985@example.test,555-499-6815,2025-06-17
986,Reese,Clark,reese.clark986@example.test,555-889-6954,2025-11-13
987,Jordan,Green,jordan.green987@example.test,555-689-8702,2025-05-05
988,Cameron,Irwin,cameron.irwin988@example.test,555-448-6009,2024-07-26
989,Taylor,Irwin,taylor.irwin989@example.test,555-475-6484,2025-12-09
990,Cameron,Kim,cameron.kim990@example.test,,2025-10-11
991,Avery,Green,avery.green991@example.test,555-536-6735,2024-11-24
992,Skyler,Green,skyler.green992@example.test,555-883-6359,2024-08-24
993,Avery,Diaz,avery.diaz993@example.test,,2025-09-15
994,Casey,Bennett,casey.bennett994@example.test,555-888-8522,2025-07-19
995,Avery,Hayes,avery.hayes995@example.test,555-689-8022,2024-12-07
996,Morgan,Foster,morgan.foster996@example.test,,2024-12-27
997,Avery,Evans,avery.evans997@example.test,555-631-8522,2024-02-11
998,Avery,Bennett,avery.bennett998@example.test,555-908-6036,2024-10-30
999,Skyler,Jones,skyler.jones999@example.test,555-393-4469,2025-09-15
1000,Skyler,Jones,skyler.jones1000@example.test,555-286-4827,2024-03-24
1001,Jordan,Hayes,jordan.hayes1001@example.test,555-478-6551,2025-01-18
1002,Skyler,Foster,skyler.foster1002@example.test,555-177-7293,2024-01-23
1003,Morgan,Lopez,morgan.lopez1003@example.test,555-520-7901,2025-10-08
1004,Skyler,Diaz,skyler.diaz1004@example.test,555-358-1950,2025-04-28
1005,Rowan,Green,rowan.green1005@example.test,555-408-1518,2025-04-11
1006,Taylor,Kim,taylor.kim1006@example.test,555-426-9975,2025-07-25
1007,Quinn,Bennett,quinn.bennett1007@example.test,555-550-3830,2024-05-10
1008,Taylor,Hayes,taylor.hayes1008@example.test,555-786-6529,2025-11-18
1009,Rowan,Bennett,rowan.bennett1009@example.test,555-759-1826,2025-10-17
1010,Rowan,Foster,rowan.foster1010@example.test,555-835-9851,2025-11-07
1011,Riley,Green,riley.green1011@example.test,555-670-8090,2024-03-21
1012,Jordan,Lopez,jordan.lopez1012@example.test,555-765-5140,2025-02-20
1013,Skyler,Foster,skyler.foster1013@example.test,555-507-5058,2025-05-03
1014,Taylor,Kim,taylor.kim1014@example.test,,2024-11-03
1015,Cameron,Hayes,cameron.hayes1015@example.test,555-608-7003,2024-12-26
1016,Cameron,Kim,cameron.kim1016@example.test,555-896-5028,2025-03-10
1017,Jordan,Evans,jordan.evans1017@example.test,555-270-8196,2025-08-10
1018,Parker,Jones,parker.jones1018@example.test,555-394-5234,2024-01-13
1019,Skyler,Foster,skyler.foster1019@example.test,555-561-3626,2025-11-26
1020,Rowan,Clark,rowan.clark1020@example.test,555-185-2445,2024-11-06
1021,Taylor,Hayes,taylor.hayes1021@example.test,555-669-3096,2025-05-03
1022,Jordan,Evans,jordan.evans1022@example.test,555-825-3146,2024-08-10
1023,Skyler,Bennett,skyler.bennett1023@example.test,555-417-1810,2024-03-03
1024,Jordan,Bennett,jordan.bennett1024@example.test,555-193-9129,2025-08-05
1025,Cameron,Kim,cameron.kim1025@example.test,555-782-3032,2024-06-25
1026,Riley,Clark,riley.clark1026@example.test,555-216-1346,2024-02-25
1027,Skyler,Jones,skyler.jones1027@example.test,555-974-4512,2024-03-20
1028,Avery,Jones,avery.jones1028@example.test,555-549-9975,2024-11-01
1029,Cameron,Adams,cameron.adams1029@example.test,555-310-2793,2024-09-27
1030,Rowan,Irwin,rowan.irwin1030@example.test,555-432-4589,2025-01-18
1031,Parker,Foster,parker.foster1031@example.test,555-745-1059,2024-03-26
1032,Riley,Irwin,riley.irwin1032@example.test,555-926-1713,2025-08-09
1033,Riley,Kim,riley.kim1033@example.test,555-182-1105,2025-04-13
1034,Reese,Bennett,reese.bennett1034@example.test,555-974-6664,2024-02-26
1035,Parker,Clark,parker.clark1035@example.test,555-506-4790,2024-02-23
1036,Taylor,Foster,taylor.foster1036@example.test,555-906-9240,2025-01-03
1037,Cameron,Irwin,cameron.irwin1037@example.test,555-933-8248,2024-10-26
1038,Taylor,Diaz,taylor.diaz1038@example.test,555-644-9630,2024-08-08
1039,Casey,Diaz,casey.diaz1039@example.test,555-689-6026,2024-04-04
1040,Casey,Hayes,casey.hayes1040@example.test,555-378-8337,2024-08-10
1041,Cameron,Diaz,cameron.diaz1041@example.test,555-477-6145,2025-11-26
1042,Parker,Clark,parker.clark1042@example.test,555-118-5387,2024-04-03
1043,Skyler,Adams,skyler.adams1043@example.test,555-498-5137,2024-02-20
1044,Morgan,Lopez,morgan.lopez1044@example.test,555-240-9691,2024-08-11
1045,Quinn,Adams,quinn.adams1045@example.test,555-356-2333,2025-11-17
1046,Morgan,Clark,morgan.clark1046@example.test,555-231-9483,2024-03-01
1047,Skyler,Diaz,skyler.diaz1047@example.test,555-834-3607,2024-01-31
1048,Morgan,Diaz,morgan.diaz1048@example.test,555-862-4197,2025-09-24
1049,Morgan,Hayes,morgan.hayes1049@example.test,555-268-8299,2025-03-30
1050,Reese,Kim,reese.kim1050@example.test,555-131-2833,2025-10-05
1051,Cameron,Jones,cameron.jones1051@example.test,555-484-2070,2025-02-08
1052,Casey,Bennett,casey.bennett1052@example.test,555-810-2509,2025-09-03
1053,Avery,Bennett,avery.bennett1053@example.test,555-805-7411,2024-07-25
1054,Rowan,Evans,rowan.evans1054@example.test,555-369-9325,2024-12-08
1055,Avery,Clark,avery.clark1055@example.test,555-414-1806,2024-04-24
1056,Quinn,Clark,quinn.clark1056@example.test,555-519-7625,2025-11-18
1057,Taylor,Green,taylor.green1057@example.test,555-129-1254,2025-10-04
1058,Reese,Irwin,reese.irwin1058@example.test,,2025-04-11
1059,Riley,Green,riley.green1059@example.test,555-250-2331,2024-07-30
1060,Quinn,Kim,quinn.kim1060@example.test,555-766-3443,2024-08-17
1061,Taylor,Diaz,taylor.diaz1061@example.test,555-939-4940,2025-08-02
1062,Parker,Irwin,parker.irwin1062@example.test,555-236-2572,2024-10-28
1063,Avery,Kim,avery.kim1063@example.test,555-941-5831,2025-01-10
1064,Quinn,Clark,quinn.clark1064@example.test,555-874-3363,2025-05-17
1065,Riley,Jones,riley.jones1065@example.test,555-343-8351,2024-03-31
1066,Quinn,Green,quinn.green1066@example.test,555-353-9908,2025-05-30
1067,Casey,Irwin,casey.irwin1067@example.test,,2025-12-05
1068,Morgan,Diaz,morgan.diaz1068@example.test,555-443-9043,2024-12-22
1069,Avery,Green,avery.green1069@example.test,,2025-02-28
1070,Quinn,Irwin,quinn.irwin1070@example.test,555-329-9046,2025-11-03
1071,Quinn,Adams,quinn.adams1071@example.test,,2024-05-26
1072,Skyler,Foster,skyler.foster1072@example.test,555-303-4913,2025-06-19
1073,Morgan,Green,morgan.green1073@example.test,555-876-8037,2025-07-08
1074,Taylor,Evans,taylor.evans1074@example.test,555-327-3263,2025-07-15
1075,Morgan,Evans,morgan.evans1075@example.test,555-537-3375,2025-07-01
1076,Cameron,Hayes,cameron.hayes1076@example.test,555-943-2961,2025-11-27
1077,Rowan,Foster,rowan.foster1077@example.test,555-718-3531,2025-10-27
1078,Reese,Evans,reese.evans1078@example.test,555-822-7656,2025-01-16
1079,Reese,Evans,reese.evans1079@example.test,555-153-1139,2025-08-18
1080,Jordan,Bennett,jordan.bennett1080@example.test,555-972-4846,2024-12-30
1081,Riley,Foster,riley.foster1081@example.test,555-756-9595,2025-07-03
1082,Taylor,Jones,taylor.jones1082@example.test,555-709-9707,2025-11-03
1083,Avery,Foster,avery.foster1083@example.test,555-490-4400,2024-10-16
1084,Skyler,Evans,skyler.evans1084@example.test,,2024-09-26
1085,Jordan,Adams,jordan.adams1085@example.test,555-823-2011,2025-09-25
1086,Morgan,Irwin,morgan.irwin1086@example.test,555-366-1019,2025-06-01
1087,Taylor,Kim,taylor.kim1087@example.test,555-602-9837,2025-08-02
1088,Taylor,Jones,taylor.jones1088@example.test,555-490-6390,2024-02-08
1089,Parker,Green,parker.green1089@example.test,555-133-3726,2024-12-26
1090,Parker,Irwin,parker.irwin1090@example.test,555-982-9825,2025-10-01
1091,Skyler,Lopez,skyler.lopez1091@example.test,555-758-9229,2024-09-28
1092,Quinn,Diaz,quinn.diaz1092@example.test,555-501-1433,2024-11-05
1093,Quinn,Diaz,quinn.diaz1093@example.test,,2025-01-27
1094,Morgan,Diaz,morgan.diaz1094@example.test,555-359-4995,2025-03-30
1095,Casey,Foster,casey.foster1095@example.test,,2024-07-13
1096,Parker,Bennett,parker.bennett1096@example.test,555-434-2310,2024-02-16
1097,Cameron,Evans,cameron.evans1097@example.test,555-289-9966,2025-08-22
1098,Morgan,Jones,morgan.jones1098@example.test,555-249-1109,2025-12-25
1099,Rowan,Adams,rowan.adams1099@example.test,555-435-8276,2024-11-23
1100,Parker,Kim,parker.kim1100@example.test,555-595-5388,2025-05-08
1101,Riley,Bennett,riley.bennett1101@example.test,555-286-2132,2025-02-14
1102,Jordan,Green,jordan.green1102@example.test,555-754-6079,2025-08-31
1103,Rowan,Adams,rowan.adams1103@example.test,555-864-8151,2024-08-28
1104,Rowan,Evans,rowan.evans1104@example.test,555-547-7949,2024-06-20
1105,Jordan,Adams,jordan.adams1105@example.test,,2024-11-25
1106,Morgan,Bennett,morgan.bennett1106@example.test,555-551-2879,2024-03-17
1107,Reese,Adams,invalid-email,555-223-8641,2025-11-18
1108,Casey,Evans,casey.evans1108@example.test,555-414-3888,2024-01-28
1109,Parker,Irwin,parker.irwin1109@example.test,555-506-2874,2025-02-03
1110,Cameron,Bennett,cameron.bennett1110@example.test,555-569-4215,2025-08-13
1111,Morgan,Kim,morgan.kim1111@example.test,555-379-8934,2024-07-26
1112,Jordan,Foster,jordan.foster1112@example.test,555-493-9830,2025-04-19
1113,Avery,Green,avery.green1113@example.test,555-376-4928,2025-12-10
1114,Casey,Hayes,casey.hayes1114@example.test,555-946-7770,2024-03-30
1115,Cameron,Diaz,cameron.diaz1115@example.test,555-474-5948,2024-04-27
1116,Casey,Diaz,casey.diaz1116@example.test,555-383-6505,2024-10-23
1117,Reese,Lopez,reese.lopez1117@example.test,555-115-7568,2024-03-16
1118,Cameron,Foster,cameron.foster1118@example.test,555-893-2125,2025-04-28
1119,Morgan,Jones,morgan.jones1119@example.test,555-837-8114,2024-04-13
1120,Riley,Hayes,riley.hayes1120@example.test,555-575-7234,2025-06-07
1121,Skyler,Hayes,skyler.hayes1121@example.test,555-220-7926,2024-12-28
1122,Parker,Adams,parker.adams1122@example.test,555-404-3399,2024-12-29
1123,Rowan,Adams,rowan.adams1123@example.test,555-713-4076,2024-08-06
1124,Taylor,Hayes,taylor.hayes1124@example.test,555-397-6105,2025-04-28
1125,Avery,Adams,avery.adams1125@example.test,555-283-4112,2024-10-25
1126,Casey,Irwin,casey.irwin1126@example.test,,2024-07-28
1127,Rowan,Jones,rowan.jones1127@example.test,555-971-2814,2024-02-01
1128,Casey,Foster,casey.foster1128@example.test,555-475-9268,2024-05-22
1129,Morgan,Hayes,morgan.hayes1129@example.test,555-968-5802,2024-07-21
1130,Riley,Evans,riley.evans1130@example.test,555-829-6828,2024-11-11
1131,Morgan,Lopez,morgan.lopez1131@example.test,555-742-8116,2025-01-07
1132,Rowan,Bennett,rowan.bennett1132@example.test,555-766-1016,2025-01-08
1133,Jordan,Foster,jordan.foster1133@example.test,555-163-7903,2024-07-04
1134,Morgan,Diaz,morgan.diaz1134@example.test,555-756-3724,2024-10-13
1135,Rowan,Evans,rowan.evans1135@example.test,555-414-6591,2025-12-06
1136,Skyler,Kim,skyler.kim1136@example.test,555-390-3485,2024-08-30
1137,Taylor,Adams,taylor.adams1137@example.test,555-261-8816,2024-01-01
1138,Quinn,Irwin,quinn.irwin1138@example.test,555-963-7743,2025-05-01
1139,Cameron,Irwin,cameron.irwin1139@example.test,555-254-2390,2024-04-28
1140,Cameron,Clark,cameron.clark1140@example.test,555-126-4006,2024-02-02
1141,Casey,Bennett,casey.bennett1141@example.test,,2024-10-06
1142,Avery,Diaz,avery.diaz1142@example.test,555-939-2667,2025-12-09
1143,Cameron,Bennett,cameron.bennett1143@example.test,555-426-6282,2024-08-23
1144,Reese,Hayes,reese.hayes1144@example.test,555-660-4438,2024-06-11
1145,Cameron,Kim,cameron.kim1145@example.test,555-655-7871,2025-03-11
1146,Avery,Kim,avery.kim1146@example.test,555-139-9097,2025-01-20
1147,Morgan,Bennett,morgan.bennett1147@example.test,555-977-2532,2024-10-15
1148,Taylor,Adams,taylor.adams1148@example.test,555-771-1515,2024-12-25
1149,Parker,Lopez,parker.lopez1149@example.test,555-327-1931,2025-07-22
1150,Quinn,Diaz,quinn.diaz1150@example.test,555-991-1853,2025-11-08
1151,Parker,Clark,parker.clark1151@example.test,555-634-8878,2024-12-02
1152,Taylor,Lopez,taylor.lopez1152@example.test,,2024-09-06
1153,Riley,Foster,riley.foster1153@example.test,555-695-4311,2024-10-15
1154,Riley,Adams,riley.adams1154@example.test,555-867-3365,2025-11-10
1155,Morgan,Jones,morgan.jones1155@example.test,555-921-4342,2024-05-11
1156,Avery,Bennett,avery.bennett1156@example.test,555-979-6747,2025-11-19
1157,Quinn,Kim,quinn.kim1157@example.test,555-623-1885,2025-12-03
1158,Avery,Jones,avery.jones1158@example.test,555-635-1859,2025-02-21
1159,Jordan,Green,jordan.green1159@example.test,555-692-4652,2025-06-21
1160,Rowan,Kim,rowan.kim1160@example.test,555-289-5994,2025-07-01
1161,Jordan,Evans,jordan.evans1161@example.test,555-851-1925,2025-09-23
1162,Jordan,Kim,jordan.kim1162@example.test,,2025-06-13
1163,Cameron,Kim,cameron.kim1163@example.test,555-724-7372,2024-08-05
1164,Quinn,Irwin,quinn.irwin1164@example.test,555-420-7284,2025-03-27
1165,Cameron,Green,cameron.green1165@example.test,555-317-5358,2024-09-16
1166,Parker,Green,parker.green1166@example.test,555-963-4787,2025-09-30
1167,Taylor,Foster,taylor.foster1167@example.test,555-362-3955,2024-08-22
1168,Avery,Evans,avery.evans1168@example.test,555-494-9424,2025-06-26
1169,Casey,Foster,casey.foster1169@example.test,555-761-1152,2024-09-28
1170,Avery,Lopez,avery.lopez1170@example.test,555-636-6324,2025-03-22
1171,Quinn,Jones,quinn.jones1171@example.test,555-242-6760,2024-05-08
1172,Rowan,Clark,rowan.clark1172@example.test,555-894-4970,2025-12-09
1173,Rowan,Green,rowan.green1173@example.test,555-314-8651,2025-11-08
1174,Riley,Hayes,riley.hayes1174@example.test,555-744-2813,2025-03-12
1175,Cameron,Hayes,cameron.hayes1175@example.test,555-213-1205,2024-06-23
1176,Riley,Jones,riley.jones1176@example.test,555-849-6974,2024-10-13
1177,Casey,Adams,casey.adams1177@example.test,555-255-5627,2024-10-27
1178,Taylor,Foster,taylor.foster1178@example.test,555-224-3892,2024-03-15
1179,Avery,Clark,avery.clark1179@example.test,555-388-1441,2025-11-02
1180,Reese,Green,reese.green1180@example.test,555-103-7570,2025-05-22
1181,Casey,Irwin,casey.irwin1181@example.test,555-648-1745,2025-10-27
1182,Cameron,Jones,cameron.jones1182@example.test,555-541-5578,2025-12-01
1183,Riley,Foster,riley.foster1183@example.test,555-677-5988,2025-11-16
1184,Cameron,Lopez,cameron.lopez1184@example.test,555-595-7467,2024-06-12
1185,Rowan,Lopez,rowan.lopez1185@example.test,555-315-9348,2025-09-27
1186,Taylor,Kim,taylor.kim1186@example.test,555-105-3865,2025-06-05
1187,Parker,Bennett,parker.bennett1187@example.test,555-893-4256,2025-04-07
1188,Casey,Hayes,casey.hayes1188@example.test,555-830-3617,2024-07-20
1189,Jordan,Hayes,jordan.hayes1189@example.test,555-800-5154,2024-12-07
1190,Cameron,Green,cameron.green1190@example.test,555-206-1482,2025-01-27
1191,Cameron,Kim,cameron.kim1191@example.test,555-881-6110,2025-11-21
1192,Jordan,Hayes,jordan.hayes1192@example.test,555-913-7099,2025-01-10
1193,Taylor,Clark,invalid-email,555-259-3511,2024-03-01
1194,Jordan,Evans,jordan.evans1194@example.test,555-472-3842,2025-12-13
1195,Quinn,Diaz,quinn.diaz1195@example.test,555-583-4695,2024-03-07
1196,Taylor,Adams,taylor.adams1196@example.test,555-784-3201,2024-09-18
1197,Quinn,Diaz,quinn.diaz1197@example.test,555-450-8559,2025-08-21
1198,Reese,Green,reese.green1198@example.test,555-280-4050,2024-03-05
1199,Avery,Green,invalid-email,555-496-3684,2025-12-28
1200,Morgan,Adams,morgan.adams1200@example.test,555-701-4593,2024-03-16
1201,Rowan,Hayes,invalid-email,555-480-8086,2025-08-07
1202,Casey,Kim,casey.kim836@example.test,555-284-3899,2025-11-14
1203,Casey,Foster,casey.foster628@example.test,555-428-2847,2024-11-15
1204,Rowan,Green,rowan.green462@example.test,555-300-4127,2025-10-19
1205,Quinn,Kim,quinn.kim369@example.test,555-352-3219,2024-07-15
1206,Casey,Lopez,casey.lopez903@example.test,555-625-2081,2024-02-28
1207,Parker,Lopez,parker.lopez806@example.test,555-247-2775,2024-10-07
1208,Riley,Evans,riley.evans597@example.test,555-803-4103,2024-07-23
1209,Parker,Jones,parker.jones899@example.test,555-884-6327,2025-07-26
1210,Taylor,Evans,taylor.evans53@example.test,555-346-8045,2024-05-29
