payment_id,booking_id,payment_date,amount,payment_method,timeliness
1,1,2025-11-30,781.27,Card,on_time
2,2,2025-05-09,768.73,ACH,on_time
3,3,2024-09-23,223.55,ACH,on_time
4,4,2024-05-09,695.62,Card,on_time
5,5,2025-08-07,559.32,Card,on_time
6,6,2024-03-25,498.25,Card,on_time
7,7,2025-06-02,859.01,ACH,on_time
8,8,2025-10-27,487.17,Card,on_time
9,9,2025-09-06,496.35,Card,on_time
10,10,2024-12-20,493.63,Card,on_time
11,11,2025-12-04,277.81,Card,late
12,12,2024-12-04,522.63,Card,late
13,13,2025-02-08,280.29,Card,on_time
14,14,2026-01-11,525.69,Card,on_time
15,15,2025-02-12,160.33,Card,on_time
16,16,2025-04-03,230.02,Card,on_time
17,17,2025-06-16,-315.62,Card,on_time
18,18,2024-12-22,254.39,Card,on_time
19,19,2024-12-02,487.46,Card,on_time
20,20,2024-04-14,212.32,Card,on_time
21,21,2024-10-25,511.3,ACH,on_time
22,22,2025-06-30,2931.12,Card,on_time
23,23,2025-04-11,3377.95,Card,late
24,24,2025-07-08,634.05,Card,late
25,25,2024-11-26,431.83,ACH,on_time
26,26,2025-09-24,487.04,ACH,on_time
27,27,2025-07-09,480.75,ACH,on_time
28,28,2025-09-18,318.25,Card,on_time
29,29,2025-02-09,532.91,ACH,on_time
30,30,2025-03-28,205.28,Card,on_time
31,31,2025-01-19,610.14,Card,on_time
32,32,2025-01-23,77.9,Card,on_time
33,33,2024-03-11,506.55,Card,on_time
34,34,2025-08-19,175.86,Card,on_time
35,35,2024-11-20,646.82,Card,on_time
36,36,2024-11-09,0.0,Card,on_time
37,37,2026-01-08,591.42,Card,on_time
38,38,2024-04-08,210.73,Card,on_time
39,39,2024-12-04,216.71,Card,late
40,40,2025-06-03,443.48,Card,on_time
41,41,2025-10-06,476.55,Card,on_time
42,42,2025-10-27,652.02,Card,on_time
43,43,2025-11-07,556.81,Card,on_time
44,44,2024-06-30,447.84,Cash,on_time
45,45,2024-03-03,3267.09,Card,late
46,46,2024-12-15,476.87,Card,on_time
47,47,2026-02-05,494.55,Card,on_time
48,48,2025-06-10,1167.73,Card,late
49,49,2026-01-01,560.13,ACH,on_time
50,50,2024-10-09,3182.47,Card,on_time
51,51,2025-11-16,3441.18,Card,on_time
52,52,2025-11-04,450.49,ACH,on_time
53,53,2024-05-23,1579.05,Card,on_time
54,54,2025-09-12,484.46,ACH,on_time
55,55,2025-07-29,1513.25,Card,on_time
56,56,2024-11-20,448.46,ACH,on_time
57,57,2025-05-20,517.11,Card,on_time
58,58,2025-12-05,512.11,Cash,on_time
59,59,2024-10-09,0.0,Card,on_time
60,60,2025-01-27,206.14,ACH,on_time
61,61,2025-08-09,472.56,Card,on_time
62,62,2024-05-08,120.91,Card,on_time
63,63,2025-01-02,1151.63,ACH,on_time
64,64,2024-07-18,455.54,Card,on_time
65,65,2025-10-25,228.56,Card,on_time
66,66,2024-08-15,893.64,ACH,on_time
67,67,2025-06-15,246.49,Card,late
68,68,2024-08-08,450.75,Card,on_time
69,69,2024-04-07,435.26,Card,on_time
70,70,2025-02-07,478.96,Card,on_time
71,71,2024-08-04,491.87,ACH,on_time
72,72,2024-11-13,0.0,Card,on_time
73,73,2024-12-31,900.76,Card,on_time
74,74,2025-11-07,503.42,Cash,on_time
75,75,2024-06-22,894.73,ACH,on_time
76,76,2025-05-19,845.37,Card,on_time
77,77,2025-04-07,3048.17,Card,on_time
78,78,2025-08-21,827.05,Card,on_time
79,79,2024-12-30,540.04,Card,on_time
80,80,2024-07-27,3069.12,Card,on_time
81,81,2024-05-03,511.33,ACH,on_time
82,82,2024-06-25,1181.2,Card,on_time
83,83,2024-12-18,912.14,ACH,on_time
84,84,2025-10-18,242.18,Card,on_time
85,85,2025-08-06,212.95,Card,on_time
86,86,2025-11-09,170.05,Card,late
87,87,2025-01-07,440.85,Card,on_time
88,88,2025-12-14,240.55,ACH,on_time
89,89,2025-11-30,478.98,Card,on_time
90,90,2025-11-25,1610.34,Card,on_time
91,91,2025-06-25,452.34,Card,on_time
92,92,2024-06-13,76.72,Card,on_time
93,93,2024-02-23,162.56,Card,late
94,94,2024-11-17,224.18,ACH,late
95,95,2024-05-25,463.03,Cash,on_time
96,96,2024-11-12,770.08,Card,on_time
97,97,2025-12-15,674.65,Cash,on_time
98,98,2025-08-26,495.62,Card,on_time
99,99,2025-01-21,107.1,Cash,on_time
100,100,2025-06-06,398.21,ACH,on_time
101,101,2024-03-19,488.13,Cash,on_time
102,102,2025-10-30,206.77,Card,on_time
103,103,2025-01-13,613.26,Card,on_time
104,104,2025-07-19,477.26,Card,on_time
105,105,2025-11-25,3123.93,Card,on_time
106,106,2025-11-06,209.2,Card,on_time
107,107,2024-10-17,237.78,Card,on_time
108,108,2025-05-21,429.84,Card,on_time
109,109,2025-05-04,182.44,Card,on_time
110,110,2025-12-20,208.29,Card,on_time
111,111,2025-06-10,620.13,Card,on_time
112,112,2024-11-23,3053.49,Card,on_time
113,113,2024-08-24,433.15,ACH,on_time
114,114,2025-05-09,548.96,ACH,on_time
115,115,2025-07-28,0.0,Card,on_time
116,116,2025-11-05,469.76,Card,on_time
117,117,2025-07-09,490.27,ACH,on_time
118,118,2025-12-30,77.85,Card,on_time
119,119,2025-11-08,606.09,Card,on_time
120,120,2025-12-25,450.41,ACH,on_time
121,121,2025-12-26,899.68,ACH,on_time
122,122,2025-06-04,71.32,ACH,on_time
123,123,2024-02-23,79.67,Card,on_time
124,124,2024-12-20,447.55,Card,on_time
125,125,2025-09-07,0.0,Card,on_time
126,126,2024-07-25,481.38,Card,on_time
127,127,2024-10-20,444.63,Card,on_time
128,128,2025-07-05,397.57,Card,on_time
129,129,2025-02-03,486.2,Card,on_time
130,130,2025-03-27,0.0,ACH,on_time
131,131,2024-09-25,151.13,ACH,on_time
132,132,2024-07-10,661.97,Card,on_time
133,133,2024-10-23,529.77,ACH,on_time
134,134,2026-02-21,235.24,Card,on_time
135,135,2025-06-20,0.0,Card,on_time
136,136,2025-06-09,3331.04,Card,on_time
137,137,2025-07-06,650.89,ACH,on_time
138,138,2025-11-10,464.89,Card,on_time
139,139,2025-01-13,477.55,Card,on_time
140,140,2026-01-29,121.16,Card,on_time
141,141,2024-08-13,909.37,Card,late
142,142,2024-11-25,501.61,Card,on_time
143,143,2025-11-07,796.67,Card,on_time
144,144,2025-02-01,631.73,Card,on_time
145,145,2024-10-25,71.59,Card,on_time
146,146,2024-04-17,819.38,Card,on_time
147,147,2025-06-12,879.41,Card,late
148,148,2024-09-23,486.96,Card,on_time
149,149,2024-12-03,192.39,Card,on_time
150,150,2024-09-08,0.0,ACH,on_time
151,151,2024-06-18,776.89,Card,on_time
152,152,2024-10-23,3059.64,ACH,on_time
153,153,2025-07-05,447.89,Card,on_time
154,154,2024-12-29,436.32,Card,on_time
155,155,2025-11-22,175.07,Card,on_time
156,156,2024-10-11,492.72,ACH,on_time
157,157,2024-07-21,232.6,Cash,on_time
158,158,2025-02-15,869.86,ACH,on_time
159,159,2025-06-17,506.6,Card,on_time
160,160,2025-10-22,553.57,Card,on_time
161,161,2025-01-23,693.08,Card,on_time
162,162,2024-12-23,205.93,Card,on_time
163,163,2024-06-02,3051.65,ACH,on_time
164,164,2025-04-09,3256.93,Card,on_time
165,165,2024-05-30,498.97,Cash,on_time
166,166,2025-10-31,81.75,Card,on_time
167,167,2025-08-15,0.0,Card,on_time
168,168,2024-04-24,3387.62,Card,on_time
169,169,2024-09-30,241.28,Card,on_time
170,170,2025-06-27,435.44,Card,late
171,171,2025-09-23,0.0,Card,on_time
172,172,2026-01-17,488.03,ACH,on_time
173,173,2025-03-08,432.91,Card,on_time
174,174,2025-06-03,320.57,Card,on_time
175,175,2024-11-04,460.94,Cash,on_time
176,176,2025-08-28,118.16,Card,on_time
177,177,2026-01-16,617.75,Card,on_time
178,178,2024-02-17,430.23,Card,on_time
179,179,2024-04-27,1626.14,ACH,on_time
180,180,2026-01-05,240.15,Card,on_time
181,181,2025-09-28,312.98,Card,on_time
182,182,2025-06-01,890.96,Card,on_time
183,183,2025-02-03,453.36,Cash,late
184,184,2024-08-12,219.41,Card,on_time
185,185,2024-05-10,502.14,Card,on_time
186,186,2025-06-29,0.0,ACH,late
187,187,2024-03-03,238.65,Card,on_time
188,188,2025-05-25,455.69,Card,late
189,189,2025-06-17,3238.2,Card,on_time
190,190,2025-09-12,1017.72,Card,on_time
191,191,2025-05-23,1060.88,ACH,on_time
192,192,2025-05-09,2959.96,Card,on_time
193,193,2024-04-02,499.48,Card,on_time
194,194,2025-11-09,0.0,Card,on_time
195,195,2025-07-02,3265.54,Card,on_time
196,196,2024-04-30,238.01,ACH,late
197,197,2026-01-12,814.97,Card,on_time
198,198,2024-09-30,222.17,Card,late
199,199,2025-11-03,240.07,Cash,on_time
200,200,2025-06-04,214.01,Card,on_time
201,201,2025-06-27,495.1,Card,on_time
202,202,2025-05-27,450.88,ACH,on_time
203,203,2025-04-23,239.7,Card,on_time
204,204,2025-10-25,1046.15,Card,on_time
205,205,2024-05-07,179.11,Card,on_time
206,206,2025-04-27,428.03,Card,on_time
207,207,2025-01-04,3279.66,Card,on_time
208,208,2025-01-29,523.78,ACH,late
209,209,2025-05-30,243.98,Card,on_time
210,210,2025-05-09,555.82,ACH,on_time
211,211,2024-05-16,277.89,Card,on_time
212,212,2025-12-14,469.51,Card,on_time
213,213,2025-06-24,3039.2,ACH,on_time
214,214,2024-08-23,502.59,Card,on_time
215,215,2024-07-18,3311.81,Card,on_time
216,216,2025-02-11,490.36,Card,late
217,217,2025-06-30,662.79,Cash,on_time
218,218,2024-09-05,483.8,Card,on_time
219,219,2025-06-15,447.62,Card,on_time
220,220,2025-08-23,83.04,ACH,on_time
221,221,2025-06-28,553.36,Card,on_time
222,222,2024-08-12,157.05,Card,on_time
223,223,2025-03-30,482.66,ACH,on_time
224,224,2024-10-25,505.92,Card,on_time
225,225,2024-12-18,251.01,Card,on_time
226,226,2025-11-17,497.33,ACH,on_time
227,227,2024-05-26,2926.04,Card,on_time
228,228,2025-10-19,3282.29,Card,on_time
229,229,2025-01-16,496.29,Card,on_time
230,230,2025-02-19,216.64,Card,on_time
231,231,2025-11-13,3141.26,Card,late
232,232,2024-06-28,805.23,Card,on_time
233,233,2024-04-26,429.75,Card,on_time
234,234,2024-12-01,456.02,Card,on_time
235,235,2024-05-09,908.27,Card,on_time
236,236,2024-07-26,1154.11,ACH,late
237,237,2025-03-12,466.7,Card,on_time
238,238,2025-06-06,669.52,Card,on_time
239,239,2024-11-24,440.67,Card,on_time
240,240,2024-04-21,468.38,Card,on_time
241,241,2025-05-04,509.94,ACH,on_time
242,242,2026-01-05,856.28,ACH,on_time
243,243,2026-02-19,800.33,Card,on_time
244,244,2024-12-14,472.82,ACH,on_time
245,245,2025-04-30,900.39,ACH,on_time
246,246,2025-01-10,226.84,Card,on_time
247,247,2024-04-27,232.83,Card,on_time
248,248,2024-02-03,422.42,ACH,late
249,249,2024-11-06,116.36,Card,on_time
250,250,2025-03-03,-500.65,Card,on_time
251,251,2025-04-24,3070.41,ACH,on_time
252,252,2024-10-24,478.72,Card,on_time
253,253,2024-10-12,213.18,Cash,late
254,254,2024-07-24,-261.45,Card,late
255,255,2024-03-12,233.48,Card,on_time
256,256,2024-08-28,564.07,Cash,late
257,257,2025-06-18,3421.88,Card,on_time
258,258,2025-01-11,448.34,Card,on_time
259,259,2024-08-31,205.75,Card,on_time
260,260,2026-01-29,882.07,Card,on_time
261,261,2025-11-18,562.83,Card,on_time
262,262,2024-10-12,206.88,Card,on_time
263,263,2025-06-05,554.6,Cash,on_time
264,264,2025-12-04,229.52,Card,on_time
265,265,2025-03-18,535.52,Card,on_time
266,266,2024-06-18,485.41,Card,on_time
267,267,2024-12-15,484.81,Card,late
268,268,2024-11-14,527.52,Card,on_time
269,269,2025-06-16,324.04,Card,on_time
270,270,2024-08-03,454.1,Card,on_time
271,271,2024-10-07,832.15,Card,on_time
272,272,2025-07-21,555.91,ACH,on_time
273,273,2026-01-22,586.36,Card,on_time
274,274,2024-05-26,235.17,Card,on_time
275,275,2025-04-24,886.15,Card,on_time
276,276,2025-12-13,468.64,Card,on_time
277,277,2025-11-29,616.27,Card,on_time
278,278,2025-10-27,503.67,Card,on_time
279,279,2025-04-16,555.44,Card,on_time
280,280,2025-09-24,3088.97,Card,on_time
281,281,2026-01-06,457.87,Card,on_time
282,282,2024-10-08,483.64,Card,on_time
283,283,2024-08-17,507.0,ACH,late
284,284,2024-02-02,593.12,ACH,on_time
285,285,2024-04-14,0.0,Card,on_time
286,286,2026-01-04,498.46,ACH,on_time
287,287,2025-04-09,445.17,Cash,late
288,288,2025-03-16,221.83,Card,on_time
289,289,2024-12-07,0.0,Card,on_time
290,290,2025-10-05,0.0,Card,late
291,291,2024-06-15,3198.01,Card,on_time
292,292,2024-10-16,0.0,Cash,on_time
293,293,2024-05-08,0.0,Card,on_time
294,294,2025-09-11,489.47,Card,on_time
295,295,2024-10-05,623.18,ACH,on_time
296,296,2025-09-17,212.44,Card,on_time
297,297,2025-01-19,454.69,ACH,on_time
298,298,2024-09-19,232.2,ACH,on_time
299,299,2025-03-14,438.25,Card,on_time
300,300,2026-01-17,307.58,Card,on_time
301,301,2025-04-05,107.77,Card,on_time
302,302,2024-02-04,1524.43,Card,on_time
303,303,2024-08-11,3184.46,Card,on_time
304,304,2026-01-12,428.48,Card,on_time
305,305,2025-01-26,0.0,Card,late
306,306,2024-12-11,451.9,Card,on_time
307,307,2024-09-23,411.49,Card,on_time
308,308,2024-10-23,0.0,ACH,on_time
309,309,2025-05-03,817.92,ACH,on_time
310,310,2025-12-17,668.37,Card,on_time
311,311,2025-11-26,547.36,Card,on_time
312,312,2025-09-07,439.77,Card,on_time
313,313,2024-06-28,-3223.46,Card,late
314,314,2025-03-29,3078.75,Card,on_time
315,315,2024-12-22,627.4,ACH,on_time
316,316,2024-11-29,-445.49,Card,on_time
317,317,2025-07-05,217.99,Card,on_time
318,318,2024-03-13,2999.91,Card,on_time
319,319,2025-06-20,511.23,Card,on_time
320,320,2025-07-25,473.11,Card,on_time
321,321,2025-10-23,208.28,Card,late
322,322,2025-09-10,308.25,Card,on_time
323,323,2024-09-04,172.5,Card,on_time
324,324,2026-02-09,664.27,Card,on_time
325,325,2024-05-01,566.49,Card,on_time
326,326,2025-06-13,900.09,Card,on_time
327,327,2024-06-21,3211.15,Card,on_time
328,328,2025-02-15,505.64,Card,on_time
329,329,2024-03-28,0.0,Card,on_time
330,330,2024-12-28,429.05,ACH,late
331,331,2025-03-21,475.33,Card,on_time
332,332,2025-05-31,302.61,Card,late
333,333,2025-12-06,-479.96,Card,on_time
334,334,2025-07-09,240.41,Card,on_time
335,335,2026-01-09,487.18,Cash,late
336,336,2024-03-29,500.77,ACH,on_time
337,337,2025-12-17,905.26,Card,on_time
338,338,2024-07-21,0.0,Card,on_time
339,339,2024-05-02,227.34,Card,on_time
340,340,2025-01-14,552.43,Card,on_time
341,341,2025-11-30,438.16,Card,on_time
342,342,2024-04-09,602.12,Card,on_time
343,343,2025-05-14,621.24,Card,on_time
344,344,2024-11-26,499.14,Card,on_time
345,345,2025-07-15,532.86,Card,on_time
346,346,2025-07-10,492.26,ACH,on_time
347,347,2025-10-30,433.82,Card,on_time
348,348,2025-10-26,781.87,Card,on_time
349,349,2025-11-23,428.77,Card,on_time
350,350,2025-11-20,295.37,Card,on_time
351,351,2025-05-04,451.35,Card,on_time
352,352,2026-01-26,3234.16,Card,on_time
353,353,2024-06-20,506.37,Card,on_time
354,354,2024-08-25,440.17,Card,on_time
355,355,2024-09-08,487.22,ACH,on_time
356,356,2025-01-30,845.04,Card,on_time
357,357,2025-07-07,693.94,Card,on_time
358,358,2026-01-28,840.24,ACH,on_time
359,359,2024-04-02,772.36,Card,on_time
360,360,2024-09-16,695.12,Card,on_time
361,361,2025-07-16,0.0,Cash,on_time
362,362,2025-06-28,228.37,ACH,late
363,363,2024-07-28,832.19,Card,on_time
364,364,2024-10-16,3107.63,Cash,on_time
365,365,2025-01-24,236.01,ACH,late
366,366,2024-08-05,511.13,Cash,on_time
367,367,2024-12-12,219.43,Card,on_time
368,368,2024-11-07,171.62,Card,on_time
369,369,2025-01-27,497.31,ACH,on_time
370,370,2024-06-03,3183.25,Cash,on_time
371,371,2024-07-05,489.04,Card,on_time
372,372,2024-02-21,851.94,Card,late
373,373,2024-05-13,251.92,ACH,late
374,374,2025-11-04,3064.45,Card,on_time
375,375,2025-10-09,279.55,Card,on_time
376,376,2024-08-15,604.57,ACH,on_time
377,377,2024-08-10,239.88,Card,on_time
378,378,2024-08-22,440.21,Card,on_time
379,379,2025-11-09,437.28,Card,on_time
380,380,2024-06-11,1198.03,ACH,on_time
381,381,2025-05-08,0.0,Cash,late
382,382,2024-09-23,473.21,Card,on_time
383,383,2025-04-26,206.22,Card,on_time
384,384,2026-01-09,225.94,Card,on_time
385,385,2025-11-08,460.58,Card,on_time
386,386,2024-05-04,440.53,Card,on_time
387,387,2024-06-12,442.21,ACH,on_time
388,388,2024-07-26,309.63,Card,on_time
389,389,2025-05-07,219.16,Card,on_time
390,390,2026-01-14,448.91,Cash,on_time
391,391,2025-11-05,219.53,Cash,on_time
392,392,2025-09-21,3393.72,ACH,on_time
393,393,2025-11-28,1535.32,Card,on_time
394,394,2025-06-17,806.52,Card,on_time
395,395,2025-03-09,505.31,ACH,on_time
396,396,2025-05-01,3395.16,Card,on_time
397,397,2024-10-28,212.55,ACH,late
398,398,2025-09-12,477.72,Card,late
399,399,2024-06-02,889.08,ACH,on_time
400,400,2026-01-06,217.49,ACH,on_time
401,401,2025-04-26,3022.12,Card,on_time
402,402,2024-07-06,497.39,Cash,on_time
403,403,2024-12-09,465.86,ACH,on_time
404,404,2024-03-29,385.8,ACH,on_time
405,405,2025-11-15,431.02,Card,on_time
406,406,2025-10-11,3057.88,ACH,on_time
407,407,2025-09-22,679.9,Card,on_time
408,408,2024-11-24,431.79,Card,on_time
409,409,2024-04-06,2939.81,Card,on_time
410,410,2025-11-28,0.0,Card,on_time
411,411,2025-10-06,471.7,ACH,on_time
412,412,2025-07-29,220.01,Cash,on_time
413,413,2025-10-24,454.31,ACH,on_time
414,414,2025-02-22,470.58,Card,on_time
415,415,2024-10-30,517.79,ACH,on_time
416,416,2025-10-02,222.2,ACH,on_time
417,417,2024-02-10,525.3,Card,on_time
418,418,2025-01-10,558.81,Card,on_time
419,419,2025-02-18,2883.34,Card,on_time
420,420,2024-11-24,550.91,ACH,on_time
421,421,2025-07-13,109.81,Card,on_time
422,422,2025-01-20,227.59,Card,on_time
423,423,2025-11-17,876.64,ACH,on_time
424,424,2025-07-10,2919.46,ACH,on_time
425,425,2024-12-11,656.66,Card,on_time
426,426,2025-07-10,189.19,Card,on_time
427,427,2024-08-23,648.2,Card,on_time
428,428,2026-01-01,881.37,ACH,late
429,429,2025-10-04,241.81,Card,on_time
430,430,2024-06-13,904.07,Card,on_time
431,431,2025-11-24,297.37,Card,on_time
432,432,2025-06-16,2920.46,Card,on_time
433,433,2025-12-28,217.1,Card,on_time
434,434,2025-03-09,2909.95,Card,on_time
435,435,2025-03-17,449.21,Card,on_time
436,436,2024-04-16,497.57,Card,on_time
437,437,2025-08-21,1192.23,Card,on_time
438,438,2025-06-08,843.26,Card,on_time
439,439,2024-02-10,451.32,Card,on_time
440,440,2025-12-02,106.91,Card,late
441,441,2025-07-26,529.07,ACH,on_time
442,442,2025-03-18,226.15,ACH,on_time
443,443,2025-12-19,432.36,Cash,on_time
444,444,2026-01-27,238.99,Card,on_time
445,445,2024-05-27,3058.46,Card,on_time
446,446,2024-07-26,490.72,Card,late
447,447,2025-01-16,235.06,Card,on_time
448,448,2026-01-04,-508.07,Card,on_time
449,449,2024-07-20,431.93,Card,late
450,450,2025-04-22,430.43,ACH,late
451,451,2025-07-26,832.7,Card,on_time
452,452,2025-10-04,499.12,ACH,on_time
453,453,2025-07-16,635.78,ACH,on_time
454,454,2026-01-23,238.21,ACH,on_time
455,455,2025-07-27,3003.07,Card,on_time
456,456,2025-12-25,224.82,Card,on_time
457,457,2025-10-05,444.86,Card,late
458,458,2025-12-15,449.31,Card,on_time
459,459,2024-12-24,229.4,ACH,on_time
460,460,2024-07-03,688.38,Card,on_time
461,461,2025-02-11,-460.66,Card,on_time
462,462,2024-05-30,625.12,Card,on_time
463,463,2024-10-11,157.99,Card,late
464,464,2024-05-26,-255.81,Card,on_time
465,465,2024-05-10,215.34,ACH,on_time
466,466,2024-02-20,1040.7,ACH,on_time
467,467,2024-11-05,414.4,Card,on_time
468,468,2025-11-30,509.41,Card,on_time
469,469,2025-01-18,243.94,Cash,late
470,470,2024-10-17,496.96,ACH,on_time
471,471,2025-01-29,283.42,Card,on_time
472,472,2025-02-25,235.96,Card,on_time
473,473,2025-04-19,882.63,ACH,on_time
474,474,2024-09-25,0.0,ACH,on_time
475,475,2025-10-26,0.0,Card,on_time
476,476,2024-11-23,544.01,Card,on_time
477,477,2025-11-14,106.91,ACH,late
478,478,2025-10-09,811.36,Card,on_time
479,479,2026-01-16,508.34,Card,on_time
480,480,2025-12-15,228.11,Cash,on_time
481,481,2024-03-11,227.67,Card,late
482,482,2025-04-01,796.53,ACH,on_time
483,483,2024-07-14,293.02,Card,on_time
484,484,2024-10-13,480.56,Card,on_time
485,485,2025-06-22,452.55,Card,on_time
486,486,2024-06-16,442.69,ACH,on_time
487,487,2025-01-29,643.54,Card,late
488,488,2024-10-15,431.24,ACH,on_time
489,489,2025-02-10,494.55,Card,on_time
490,490,2025-12-06,3114.61,Card,on_time
491,491,2024-10-05,586.34,ACH,on_time
492,492,2026-01-13,3410.03,Card,late
493,493,2025-12-15,235.23,Card,on_time
494,494,2024-07-25,683.93,Card,on_time
495,495,2025-10-08,645.93,ACH,on_time
496,496,2026-02-11,518.27,Card,on_time
497,497,2024-03-13,500.86,ACH,on_time
498,498,2025-07-17,455.73,Card,late
499,499,2024-08-16,553.75,Card,on_time
500,500,2024-10-30,1446.39,Card,on_time
501,501,2025-08-23,485.84,Card,on_time
502,502,2025-09-19,2895.48,Card,on_time
503,503,2024-10-30,629.1,ACH,on_time
504,504,2025-03-12,492.09,Card,on_time
505,505,2025-03-23,228.36,Card,late
506,506,2025-04-19,118.92,ACH,on_time
507,507,2025-11-24,217.93,Card,on_time
508,508,2025-09-02,-214.46,ACH,on_time
509,509,2025-10-19,-238.22,Card,on_time
510,510,2024-04-21,481.72,Card,on_time
511,511,2025-11-30,447.12,Card,on_time
512,512,2024-04-18,157.46,Card,on_time
513,513,2025-02-05,510.04,ACH,late
514,514,2025-12-04,3301.82,Card,on_time
515,515,2024-03-24,206.16,Card,on_time
516,516,2024-12-16,1035.26,Card,late
517,517,2025-07-19,1519.25,Card,on_time
518,518,2025-09-01,448.36,Card,on_time
519,519,2025-04-30,3256.02,Card,late
520,520,2024-05-09,172.48,ACH,on_time
521,521,2025-12-03,222.28,Card,on_time
522,522,2024-05-30,167.81,Card,on_time
523,523,2025-01-06,458.85,Card,on_time
524,524,2025-08-28,239.03,Card,late
525,525,2025-10-27,512.81,ACH,on_time
526,526,2025-05-30,505.82,Card,on_time
527,527,2026-01-22,497.83,Card,on_time
528,528,2025-02-20,771.07,Card,on_time
529,529,2024-10-15,157.22,Card,on_time
530,530,2024-10-31,524.53,Card,on_time
531,531,2024-07-09,687.02,Cash,on_time
532,532,2024-10-04,2969.77,Card,on_time
533,533,2025-11-23,542.08,Card,on_time
534,534,2025-04-05,113.63,Card,on_time
535,535,2026-01-21,455.18,ACH,on_time
536,536,2025-06-23,224.36,Card,on_time
537,537,2025-03-11,232.29,ACH,on_time
538,538,2025-06-11,917.26,ACH,on_time
539,539,2024-11-19,538.5,Card,on_time
540,540,2025-05-08,153.01,Card,on_time
541,541,2024-11-05,440.75,Card,on_time
542,542,2024-04-23,240.49,ACH,on_time
543,543,2025-05-26,489.07,Card,on_time
544,544,2025-09-15,427.91,Card,on_time
545,545,2025-05-21,806.7,Card,on_time
546,546,2024-04-29,398.34,Card,on_time
547,547,2025-11-28,471.34,Card,on_time
548,548,2024-02-10,428.83,Cash,on_time
549,549,2025-06-08,467.37,Card,on_time
550,550,2024-07-29,610.97,Cash,on_time
551,551,2026-01-17,474.35,Card,on_time
552,552,2024-07-01,477.75,Card,on_time
553,553,2025-11-29,221.71,Card,on_time
554,554,2024-12-20,479.5,Card,on_time
555,555,2025-01-03,465.81,Card,on_time
556,556,2025-08-07,0.0,Card,late
557,557,2024-12-03,480.96,Card,on_time
558,558,2024-06-05,2898.95,Card,on_time
559,559,2024-12-18,482.68,Card,on_time
560,560,2025-11-03,71.16,Card,on_time
561,561,2024-07-11,3286.36,ACH,late
562,562,2025-06-02,294.75,Card,late
563,563,2024-11-25,490.41,Card,on_time
564,564,2025-12-14,232.32,Card,on_time
565,565,2025-06-12,548.47,Card,on_time
566,566,2024-09-09,519.08,ACH,on_time
567,567,2025-04-04,836.52,Cash,on_time
568,568,2025-12-21,779.85,Card,on_time
569,569,2025-05-20,255.0,Card,on_time
570,570,2025-12-01,214.92,Card,late
571,571,2024-04-30,846.92,Card,on_time
572,572,2025-04-10,484.0,Card,on_time
573,573,2024-03-01,300.14,Cash,on_time
574,574,2025-01-23,0.0,Card,on_time
575,575,2025-07-18,283.01,ACH,on_time
576,576,2024-10-03,842.45,ACH,on_time
577,577,2024-04-15,-260.57,ACH,on_time
578,578,2024-05-09,461.76,Card,late
579,579,2024-11-17,637.22,Card,on_time
580,580,2025-05-07,440.64,Card,on_time
581,581,2024-11-21,1202.08,Cash,on_time
582,582,2024-11-20,3275.89,Card,on_time
583,583,2024-08-26,770.59,Cash,on_time
584,584,2024-11-23,500.23,Card,on_time
585,585,2025-04-06,510.6,Card,on_time
586,586,2025-01-01,504.36,Card,on_time
587,587,2024-11-21,480.65,Card,on_time
588,588,2025-06-14,813.95,Card,late
589,589,2024-07-23,168.16,Cash,on_time
590,590,2025-11-10,1009.13,ACH,on_time
591,591,2025-05-20,1510.41,Card,on_time
592,592,2025-11-13,446.72,Card,on_time
593,593,2024-04-02,676.58,ACH,late
594,594,2025-08-18,480.63,ACH,on_time
595,595,2025-06-15,684.94,Card,on_time
596,596,2025-07-05,649.72,Card,late
597,597,2024-09-01,0.0,Card,on_time
598,598,2024-11-30,0.0,Card,on_time
599,599,2024-11-26,212.72,Cash,on_time
600,600,2024-08-01,232.51,Card,on_time
601,601,2024-12-20,851.81,ACH,late
602,602,2025-01-24,484.88,Card,on_time
603,603,2024-10-13,473.67,Card,on_time
604,604,2025-04-10,305.28,Card,on_time
605,605,2024-04-09,502.39,ACH,late
606,606,2025-05-17,0.0,Card,late
607,607,2025-10-09,248.31,Card,on_time
608,608,2025-01-20,909.8,ACH,on_time
609,609,2024-07-20,904.16,Card,on_time
610,610,2026-01-21,120.05,Card,on_time
611,611,2024-09-03,253.63,ACH,on_time
612,612,2025-07-31,660.85,Card,on_time
613,613,2025-02-03,208.47,Card,on_time
614,614,2024-05-14,645.18,Card,on_time
615,615,2024-06-25,1194.35,Card,on_time
616,616,2025-11-13,442.12,ACH,on_time
617,617,2025-01-09,813.82,Card,on_time
618,618,2025-03-25,3098.93,Card,on_time
619,619,2025-03-09,502.41,Card,on_time
620,620,2024-09-08,480.06,Card,on_time
621,621,2024-04-29,487.03,Card,on_time
622,622,2025-10-13,473.71,ACH,on_time
623,623,2025-07-04,451.91,Card,on_time
624,624,2024-11-10,843.79,Card,on_time
625,625,2025-07-03,472.64,Card,on_time
626,626,2025-11-28,226.14,Card,on_time
627,627,2024-04-27,1118.69,Card,on_time
628,628,2025-12-22,867.86,Card,on_time
629,629,2025-11-09,688.67,Card,on_time
630,630,2025-01-09,112.76,Card,on_time
631,631,2024-11-05,642.8,Card,on_time
632,632,2025-04-04,544.96,Card,on_time
633,633,2025-09-26,562.64,Card,on_time
634,634,2025-04-21,159.92,Card,on_time
635,635,2024-04-28,499.31,ACH,on_time
636,636,2026-01-23,463.84,Card,on_time
637,637,2024-11-06,2902.92,Cash,on_time
638,638,2024-05-18,517.8,ACH,on_time
639,639,2024-09-26,464.68,ACH,on_time
640,640,2024-12-19,3333.54,ACH,on_time
641,641,2024-12-03,209.38,Card,on_time
642,642,2024-09-19,222.85,Card,late
643,643,2024-11-29,235.69,Card,late
644,644,2025-05-08,497.03,Card,late
645,645,2024-07-04,829.55,Card,on_time
646,646,2024-10-03,265.04,Card,on_time
647,647,2025-11-27,566.01,Cash,on_time
648,648,2025-09-30,3289.83,ACH,on_time
649,649,2025-08-17,915.03,ACH,on_time
650,650,2024-08-17,521.13,Card,on_time
651,651,2025-07-15,467.2,Card,on_time
652,652,2024-04-07,179.95,ACH,late
653,653,2024-11-02,3014.84,Card,on_time
654,654,2025-11-21,0.0,Card,late
655,655,2025-10-02,455.8,ACH,on_time
656,656,2024-12-09,168.64,Card,late
657,657,2025-07-11,435.33,ACH,on_time
658,658,2025-05-24,242.56,Card,on_time
659,659,2026-01-26,0.0,Card,on_time
660,660,2025-08-03,459.67,Card,on_time
661,661,2025-11-19,2978.42,Card,on_time
662,662,2024-04-22,865.44,Card,on_time
663,663,2025-07-08,552.72,Cash,on_time
664,664,2025-01-23,0.0,Card,on_time
665,665,2025-11-09,774.56,Card,on_time
666,666,2025-12-23,443.53,Card,on_time
667,667,2024-12-18,442.45,Card,on_time
668,668,2025-06-21,206.68,Cash,on_time
669,669,2025-03-31,230.81,Card,on_time
670,670,2025-10-26,3392.16,Card,on_time
671,671,2024-08-19,214.28,Card,on_time
672,672,2025-11-17,214.5,ACH,on_time
673,673,2024-05-17,552.53,Card,on_time
674,674,2024-05-05,783.28,Card,on_time
675,675,2025-05-29,543.31,Card,on_time
676,676,2025-01-20,481.32,Cash,on_time
677,677,2025-09-12,482.12,Card,on_time
678,678,2025-04-21,219.9,Card,on_time
679,679,2024-07-28,214.48,Card,on_time
680,680,2024-02-22,465.27,Card,on_time
681,681,2024-10-25,479.61,ACH,on_time
682,682,2024-12-06,487.26,ACH,on_time
683,683,2024-06-15,558.98,Card,on_time
684,684,2024-06-26,0.0,Card,on_time
685,685,2024-06-26,861.18,ACH,on_time
686,686,2024-06-27,-810.52,Card,on_time
687,687,2025-12-18,464.6,ACH,late
688,688,2024-09-07,490.54,Card,late
689,689,2025-04-25,496.31,Card,late
690,690,2024-12-12,225.72,ACH,late
691,691,2025-12-29,237.53,ACH,on_time
692,692,2024-10-19,489.71,Card,on_time
693,693,2024-04-04,914.67,Card,on_time
694,694,2024-12-26,3246.98,Card,on_time
695,695,2025-11-26,487.49,ACH,on_time
696,696,2024-03-19,-482.17,Card,on_time
697,697,2024-06-26,250.84,Card,late
698,698,2025-01-30,467.5,Card,late
699,699,2025-11-14,486.24,Card,on_time
700,700,2024-05-20,617.14,Card,on_time
701,701,2025-03-20,481.0,Card,on_time
702,702,2024-07-21,3166.96,Card,on_time
703,703,2025-05-27,877.89,Card,on_time
704,704,2024-03-23,887.17,Card,on_time
705,705,2025-08-02,485.27,Card,on_time
706,706,2025-03-29,492.43,Card,on_time
707,707,2024-03-14,828.4,Card,on_time
708,708,2025-04-15,508.04,Card,on_time
709,709,2025-11-13,413.74,Card,on_time
710,710,2025-11-15,3173.47,Cash,on_time
711,711,2025-05-19,483.82,Card,on_time
712,712,2024-09-12,903.16,ACH,on_time
713,713,2025-12-02,3121.59,Card,on_time
714,714,2025-11-14,457.57,Card,late
715,715,2025-11-07,501.74,Card,on_time
716,716,2025-04-30,486.93,Card,on_time
717,717,2024-03-07,917.22,Card,on_time
718,718,2025-06-04,700.8,Card,on_time
719,719,2024-08-09,450.43,Card,late
720,720,2025-05-04,499.51,ACH,late
721,721,2025-03-22,886.61,Card,on_time
722,722,2025-03-16,231.92,Card,on_time
723,723,2024-10-07,224.42,Card,on_time
724,724,2026-01-26,0.0,ACH,on_time
725,725,2024-04-19,479.64,Card,on_time
726,726,2025-10-21,-2936.45,Card,on_time
727,727,2024-07-18,0.0,Card,on_time
728,728,2024-03-27,229.69,ACH,on_time
729,729,2024-05-31,804.09,Card,late
730,730,2025-11-10,221.0,Card,on_time
731,731,2024-06-21,0.0,Card,on_time
732,732,2025-10-17,913.17,Card,on_time
733,733,2025-05-23,171.39,Card,on_time
734,734,2024-09-04,466.49,Card,on_time
735,735,2025-12-02,508.64,Card,on_time
736,736,2025-08-31,399.33,Card,on_time
737,737,2024-05-02,494.87,Card,late
738,738,2026-01-20,433.48,Card,on_time
739,739,2025-01-10,504.82,Card,on_time
740,740,2024-11-04,213.76,Card,on_time
741,741,2024-03-28,256.21,ACH,late
742,742,2025-11-06,237.47,Card,on_time
743,743,2025-03-28,614.17,Card,on_time
744,744,2024-07-04,81.42,ACH,on_time
745,745,2025-03-23,873.13,Card,on_time
746,746,2024-11-10,1497.82,Card,on_time
747,747,2025-10-21,195.66,Card,late
748,748,2024-12-12,634.58,Card,on_time
749,749,2026-02-08,487.49,Card,late
750,750,2024-08-01,507.63,Card,on_time
751,751,2025-10-24,232.73,Card,on_time
752,752,2024-11-18,467.73,ACH,on_time
753,753,2025-06-19,534.85,Card,on_time
754,754,2025-11-12,819.73,Card,on_time
755,755,2025-01-29,202.76,ACH,late
756,756,2025-12-10,452.76,Card,on_time
757,757,2024-10-31,467.68,Card,on_time
758,758,2025-06-26,540.0,Card,on_time
759,759,2024-06-30,164.82,Card,on_time
760,760,2024-11-08,507.11,Card,on_time
761,761,2025-05-22,310.12,ACH,on_time
762,762,2024-07-07,842.81,Card,on_time
763,763,2025-11-28,513.1,Card,on_time
764,764,2025-04-19,226.76,Card,on_time
765,765,2025-12-19,205.52,Card,on_time
766,766,2025-02-09,505.11,ACH,late
767,767,2024-09-04,795.35,Card,on_time
768,768,2024-11-25,75.7,Card,on_time
769,769,2026-01-11,449.67,Card,on_time
770,770,2024-11-27,214.84,Card,on_time
771,771,2024-03-18,456.73,Card,on_time
772,772,2025-07-19,228.67,ACH,on_time
773,773,2025-11-20,221.73,Card,on_time
774,774,2024-12-22,3271.49,Card,on_time
775,775,2024-12-29,0.0,Card,on_time
776,776,2024-04-16,442.95,Card,on_time
777,777,2025-05-15,527.51,Card,on_time
778,778,2024-10-11,3235.34,Card,on_time
779,779,2025-12-22,506.97,Card,on_time
780,780,2024-06-05,3183.53,Card,on_time
781,781,2025-03-03,105.64,Card,on_time
782,782,2025-06-09,449.9,ACH,on_time
783,783,2025-11-28,3172.62,Cash,on_time
784,784,2025-08-27,464.63,Card,on_time
785,785,2025-07-30,2952.51,Card,on_time
786,786,2025-07-24,213.48,Card,on_time
787,787,2024-10-17,3072.59,Card,late
788,788,2025-12-17,207.25,Card,on_time
789,789,2024-06-25,229.65,ACH,on_time
790,790,2024-12-31,204.17,Card,on_time
791,791,2025-11-12,471.6,Card,on_time
792,792,2026-01-26,654.87,Card,on_time
793,793,2025-05-29,-557.74,Card,on_time
794,794,2025-05-03,453.44,Card,late
795,795,2025-11-03,529.63,ACH,on_time
796,796,2024-06-04,3232.94,Card,on_time
797,797,2025-01-16,233.53,ACH,on_time
798,798,2026-01-23,238.83,Card,on_time
799,799,2025-02-09,621.73,Card,late
800,800,2024-10-28,217.01,Card,late
801,801,2024-12-02,539.62,Card,late
802,802,2024-08-04,844.53,Card,on_time
803,803,2024-10-01,235.84,ACH,on_time
804,804,2025-06-29,3262.81,ACH,on_time
805,805,2025-12-19,448.95,Card,on_time
806,806,2024-07-19,817.27,Card,on_time
807,807,2024-05-07,437.91,ACH,on_time
808,808,2024-08-03,246.68,Card,on_time
809,809,2025-01-26,281.83,Card,on_time
810,810,2024-06-16,475.26,Cash,on_time
811,811,2025-08-07,527.61,Card,on_time
812,812,2024-11-16,3453.95,Card,on_time
813,813,2025-10-30,226.64,Card,on_time
814,814,2024-03-31,0.0,Card,on_time
815,815,2024-07-18,808.04,Card,on_time
816,816,2025-10-29,3295.0,ACH,late
817,817,2024-11-05,208.85,ACH,on_time
818,818,2025-09-20,0.0,Card,on_time
819,819,2025-06-10,686.63,Card,on_time
820,820,2025-06-01,118.08,Card,late
821,821,2025-05-16,807.19,Card,on_time
822,822,2025-08-20,633.95,Card,on_time
823,823,2024-02-10,3252.4,Card,late
824,824,2024-12-02,451.07,Cash,on_time
825,825,2025-04-21,218.74,Card,on_time
826,826,2024-10-21,227.91,Card,on_time
827,827,2025-03-30,1092.0,Card,on_time
828,828,2025-09-11,2989.14,ACH,on_time
829,829,2025-01-09,215.52,Card,on_time
830,830,2025-07-22,3234.27,ACH,on_time
831,831,2026-01-01,3172.75,ACH,on_time
832,832,2024-05-25,473.28,Card,on_time
833,833,2024-10-19,74.27,Card,late
834,834,2025-05-23,512.99,ACH,on_time
835,835,2026-01-17,271.25,Card,on_time
836,836,2024-10-23,427.82,Card,on_time
837,837,2025-11-05,673.01,Card,late
838,838,2024-10-16,115.19,ACH,on_time
839,839,2025-12-14,212.4,Card,on_time
840,840,2024-10-08,3016.17,Card,on_time
841,841,2025-03-13,672.64,Card,on_time
842,842,2025-06-27,348.36,Card,late
843,843,2025-10-18,459.74,Card,on_time
844,844,2025-11-03,493.73,Cash,on_time
845,845,2024-02-29,248.26,Card,on_time
846,846,2025-01-15,886.92,Card,late
847,847,2026-02-04,429.93,ACH,on_time
848,848,2025-04-09,497.46,Card,on_time
849,849,2025-02-04,227.77,ACH,on_time
850,850,2026-02-02,433.37,Card,on_time
851,851,2025-10-14,455.78,Card,on_time
852,852,2025-07-01,252.09,Card,on_time
853,853,2024-12-15,642.89,Cash,on_time
854,854,2025-06-30,911.51,Card,on_time
855,855,2025-11-01,822.81,ACH,on_time
856,856,2024-08-02,480.09,Card,on_time
857,857,2025-11-07,84.49,ACH,on_time
858,858,2024-04-17,227.59,ACH,on_time
859,859,2025-06-07,870.72,Card,late
860,860,2024-03-30,215.87,Card,on_time
861,861,2024-10-26,500.49,Card,late
862,862,2025-06-21,536.66,Card,on_time
863,863,2024-07-03,81.79,Card,on_time
864,864,2024-03-14,508.66,Card,on_time
865,865,2024-12-07,3280.15,Card,on_time
866,866,2024-12-27,904.38,ACH,on_time
867,867,2025-12-20,229.94,Card,on_time
868,868,2025-09-09,907.49,Card,on_time
869,869,2025-04-20,240.22,Card,on_time
870,870,2024-04-11,560.94,Card,on_time
871,871,2024-02-10,-294.22,Card,late
872,872,2024-04-16,450.76,Card,on_time
873,873,2025-08-27,251.25,Card,on_time
874,874,2025-01-22,471.37,ACH,on_time
875,875,2025-05-29,457.12,Card,on_time
876,876,2025-07-18,153.62,ACH,on_time
877,877,2025-12-26,518.25,Card,on_time
878,878,2024-08-15,504.39,Card,on_time
879,879,2024-11-11,856.44,ACH,on_time
880,880,2024-12-25,3315.4,ACH,on_time
881,881,2024-09-23,273.26,Card,on_time
882,882,2024-05-07,1592.27,Card,on_time
883,883,2025-10-16,175.42,Card,on_time
884,884,2024-04-08,816.34,Card,on_time
885,885,2024-12-26,845.58,Card,on_time
886,886,2025-01-09,520.79,Cash,on_time
887,887,2025-12-29,3253.37,Card,on_time
888,888,2024-04-01,235.6,Card,on_time
889,889,2025-03-23,669.5,Cash,on_time
890,890,2025-06-02,443.73,ACH,on_time
891,891,2025-12-13,221.07,ACH,late
892,892,2024-07-03,444.16,ACH,on_time
893,893,2025-09-09,2914.59,ACH,on_time
894,894,2025-10-15,457.0,Card,on_time
895,895,2026-01-09,464.89,Card,on_time
896,896,2025-12-26,810.57,Card,on_time
897,897,2026-01-15,396.64,Card,on_time
898,898,2025-07-19,3008.32,ACH,on_time
899,899,2024-10-31,0.0,Card,on_time
900,900,2024-11-26,0.0,Card,on_time
