session_id,booking_id,actual_session_date,session_status,images_delivered
1,1,2026-02-04,completed,251
2,2,2025-04-22,completed,497
3,3,2024-10-17,completed,185
4,4,2024-07-10,scheduled,194
5,5,2025-09-13,scheduled,459
6,6,2024-06-19,completed,480
7,7,2025-06-16,completed,77
8,11,2025-12-31,completed,389
9,12,2025-01-21,completed,62
10,13,2025-04-06,completed,447
11,14,2026-01-22,completed,182
12,16,2025-06-27,completed,144
13,17,2025-09-06,completed,374
14,18,2025-02-19,completed,240
15,19,2024-12-01,completed,355
16,20,2024-06-19,completed,354
17,21,2024-12-31,completed,89
18,22,2025-06-20,completed,477
19,23,2025-07-18,completed,499
20,24,2025-07-28,scheduled,487
21,25,2025-02-22,completed,148
22,26,2025-09-20,completed,212
23,27,2025-08-02,completed,474
24,28,2025-12-05,completed,389
25,29,2025-04-01,completed,51
26,30,2025-05-30,completed,451
27,31,2025-03-06,scheduled,63
28,32,2025-01-31,completed,289
29,33,2024-03-27,completed,262
30,34,2025-09-25,completed,422
31,35,2025-01-19,completed,267
32,36,2024-12-12,completed,392
33,37,2026-03-25,completed,426
34,38,2024-06-02,completed,454
35,39,2025-02-20,scheduled,276
36,40,2025-08-13,completed,487
37,41,2025-12-12,completed,409
38,42,2026-02-14,completed,317
39,43,2026-02-20,completed,244
40,44,2024-08-23,completed,499
41,45,2024-06-02,completed,385
42,46,2025-03-22,completed,68
43,47,2026-02-12,completed,353
44,48,2025-07-03,completed,237
45,49,2026-03-18,completed,172
46,50,2024-11-09,completed,292
47,51,2026-01-11,completed,452
48,53,2024-08-12,completed,284
49,54,2025-12-17,completed,289
50,55,2025-11-15,completed,434
51,56,2025-02-16,scheduled,328
52,57,2025-07-10,completed,65
53,58,2025-12-14,completed,407
54,61,2025-09-28,completed,67
55,62,2024-06-04,completed,228
56,64,2024-09-21,completed,164
57,65,2026-02-10,completed,398
58,66,2024-09-06,completed,421
59,67,2025-08-05,completed,213
60,69,2024-06-24,completed,337
61,70,2025-02-19,scheduled,105
62,71,2024-11-24,completed,406
63,72,2024-10-14,completed,192
64,73,2024-12-22,completed,148
65,74,2025-12-14,completed,416
66,75,2024-08-03,completed,443
67,76,2025-07-21,completed,404
68,77,2025-06-07,completed,489
69,78,2025-09-03,completed,120
70,79,2025-04-08,completed,492
71,80,2024-07-21,completed,496
72,81,2024-07-29,scheduled,353
73,82,2024-08-31,completed,249
74,83,2025-01-13,completed,58
75,85,2025-09-19,completed,83
76,86,2025-11-17,completed,275
77,87,2025-01-03,scheduled,233
78,88,2026-03-17,completed,378
79,89,2025-11-29,scheduled,313
80,90,2025-11-29,scheduled,254
81,91,2025-08-30,completed,195
82,92,2024-08-21,completed,440
83,94,2024-12-17,completed,487
84,95,2024-05-19,scheduled,160
85,96,2024-12-02,completed,499
86,97,2025-12-03,completed,186
87,98,2025-12-15,completed,405
88,99,2025-03-30,completed,493
89,100,2025-06-22,completed,428
90,101,2024-05-12,completed,147
91,102,2026-01-16,completed,464
92,104,2025-07-28,completed,477
93,105,2025-11-22,completed,441
94,106,2025-12-07,completed,475
95,107,2024-10-26,completed,110
96,108,2025-07-24,completed,331
97,109,2025-06-26,completed,216
98,110,2026-01-12,completed,365
99,111,2025-06-28,completed,173
100,112,2025-01-18,completed,212
101,113,2024-11-15,completed,257
102,114,2025-08-25,scheduled,102
103,116,2026-01-07,completed,224
104,117,2025-10-16,completed,125
105,118,2025-12-24,completed,393
106,119,2025-11-10,completed,491
107,120,2026-03-04,completed,224
108,121,2026-03-08,scheduled,133
109,122,2025-06-13,completed,361
110,123,2024-05-22,completed,64
111,124,2025-04-14,completed,341
112,125,2025-10-19,completed,126
113,126,2024-10-04,completed,223
114,127,2024-11-11,completed,209
115,128,2025-09-23,completed,54
116,129,2025-02-03,completed,189
117,130,2025-06-17,scheduled,166
118,131,2024-11-29,completed,252
119,132,2024-07-28,completed,110
120,133,2024-10-08,completed,272
121,134,2026-04-29,scheduled,118
122,135,2025-08-25,completed,166
123,136,2025-08-01,completed,436
124,137,2025-07-07,completed,473
125,138,2025-11-18,completed,180
126,139,2025-04-16,completed,444
127,140,2026-02-14,completed,80
128,141,2024-07-24,completed,73
129,142,2024-12-14,completed,454
130,143,2026-01-16,completed,283
131,144,2025-03-15,completed,396
132,145,2025-01-03,completed,215
133,146,2024-04-01,completed,442
134,147,2025-08-04,completed,308
135,148,2024-11-25,completed,174
136,149,2024-12-05,completed,376
137,150,2024-09-11,completed,83
138,151,2024-06-22,completed,270
139,152,2025-02-04,completed,209
140,153,2025-07-16,completed,461
141,154,2025-02-12,completed,318
142,155,2026-02-13,completed,424
143,157,2024-07-28,completed,323
144,158,2025-02-18,scheduled,473
145,159,2025-09-24,completed,232
146,160,2026-01-19,completed,243
147,161,2025-05-01,completed,129
148,162,2025-03-18,completed,347
149,163,2024-08-12,completed,411
150,164,2025-04-08,scheduled,439
151,165,2024-07-22,completed,161
152,166,2025-12-06,completed,432
153,167,2025-10-11,completed,329
154,169,2024-10-12,completed,226
155,170,2025-08-18,completed,278
156,171,2025-11-11,completed,164
157,172,2026-04-21,completed,385
158,173,2025-03-31,completed,233
159,174,2025-09-03,completed,407
160,175,2024-11-15,scheduled,218
161,176,2025-10-31,completed,134
162,177,2026-02-16,completed,271
163,179,2024-07-06,scheduled,382
164,180,2026-02-11,completed,401
165,181,2025-11-17,completed,386
166,182,2025-08-11,completed,227
167,183,2025-02-10,completed,100
168,184,2024-11-19,scheduled,221
169,185,2024-06-20,completed,228
170,186,2025-09-24,completed,296
171,187,2024-04-30,completed,264
172,188,2025-08-18,completed,485
173,189,2025-07-13,scheduled,124
174,190,2025-11-25,completed,219
175,192,2025-08-10,scheduled,126
176,194,2026-01-01,completed,432
177,195,2025-08-31,completed,247
178,197,2026-05-01,completed,328
179,198,2024-11-05,completed,52
180,199,2025-11-28,completed,45
181,200,2025-06-26,completed,108
182,201,2025-06-23,scheduled,255
183,202,2025-05-31,completed,327
184,205,2024-06-03,completed,115
185,207,2025-04-09,completed,288
186,209,2025-08-29,scheduled,139
187,210,2025-06-06,completed,259
188,211,2024-05-31,completed,244
189,213,2025-09-22,completed,412
190,214,2024-09-28,completed,124
191,215,2024-10-07,completed,448
192,216,2025-02-27,completed,374
193,217,2025-09-11,completed,455
194,218,2024-10-24,completed,377
195,220,2025-09-01,completed,167
196,221,2025-08-27,completed,352
197,222,2024-08-25,completed,322
198,224,2024-10-04,completed,87
199,226,2026-01-01,scheduled,357
200,227,2024-06-27,completed,52
201,228,2025-12-23,scheduled,361
202,229,2025-03-13,completed,267
203,230,2025-04-28,completed,209
204,231,2025-12-01,completed,394
205,233,2024-05-20,completed,274
206,234,2024-11-23,completed,223
207,236,2024-11-06,completed,275
208,237,2025-04-05,completed,459
209,238,2025-08-05,completed,85
210,239,2025-02-16,completed,306
211,240,2024-05-09,scheduled,265
212,241,2025-05-11,completed,334
213,242,2026-02-08,completed,297
214,243,2026-05-04,completed,416
215,245,2025-05-03,completed,79
216,246,2025-05-01,completed,395
217,247,2024-08-15,completed,415
218,248,2024-05-16,completed,347
219,249,2024-11-15,completed,218
220,250,2025-02-24,scheduled,287
221,251,2025-06-04,completed,453
222,253,2024-11-03,scheduled,89
223,255,2024-03-18,completed,382
224,256,2024-12-22,completed,404
225,257,2025-06-18,completed,254
226,258,2025-02-16,completed,182
227,259,2024-08-11,completed,140
228,260,2026-02-21,completed,124
229,262,2024-10-13,completed,410
230,263,2025-08-07,completed,204
231,264,2026-02-18,completed,388
232,265,2025-04-04,completed,115
233,266,2024-07-26,completed,168
234,267,2025-02-04,completed,126
235,268,2024-11-24,completed,347
236,269,2025-09-05,completed,288
237,270,2024-10-03,completed,491
238,271,2024-11-27,completed,214
239,272,2025-07-13,completed,489
240,273,2026-02-03,scheduled,298
241,275,2025-06-15,completed,72
242,276,2026-01-17,scheduled,47
243,277,2026-01-16,completed,499
244,278,2026-01-02,completed,205
245,279,2025-06-23,completed,179
246,280,2025-09-22,completed,224
247,281,2026-02-24,completed,88
248,282,2024-12-21,completed,459
249,283,2024-09-17,completed,87
250,284,2024-02-03,completed,333
251,285,2024-07-08,completed,179
252,286,2026-01-09,completed,423
253,287,2025-06-21,completed,81
254,288,2025-06-05,completed,145
255,289,2025-02-12,completed,487
256,290,2025-10-01,completed,127
257,291,2024-08-10,completed,226
258,292,2024-12-02,completed,62
259,294,2025-10-28,completed,183
260,295,2024-11-20,completed,153
261,296,2025-11-28,completed,465
262,297,2025-02-09,completed,297
263,298,2024-11-16,completed,288
264,300,2026-01-27,completed,194
265,301,2025-04-03,scheduled,358
266,302,2024-01-19,completed,144
267,303,2024-08-03,completed,118
268,304,2026-03-03,completed,372
269,305,2025-02-27,completed,123
270,306,2025-03-31,completed,306
271,307,2024-10-04,completed,425
272,308,2024-11-15,scheduled,389
273,309,2025-05-19,completed,472
274,310,2026-02-28,completed,45
275,312,2025-11-08,completed,412
276,313,2024-09-21,scheduled,377
277,314,2025-03-30,completed,338
278,315,2024-11-30,completed,318
279,316,2025-01-08,completed,238
280,317,2025-08-17,scheduled,294
281,318,2024-05-19,completed,87
282,319,2025-05-31,completed,399
283,321,2025-11-04,completed,359
284,322,2025-12-30,completed,146
285,323,2024-08-28,completed,382
286,324,2026-03-31,completed,293
287,325,2024-07-24,completed,457
288,326,2025-07-13,completed,261
289,327,2024-09-05,completed,130
290,328,2025-03-30,completed,349
291,329,2024-04-09,completed,467
292,330,2025-02-13,completed,300
293,331,2025-06-14,completed,310
294,332,2025-07-26,scheduled,183
295,333,2026-02-18,completed,431
296,334,2025-09-27,completed,94
297,336,2024-06-25,completed,87
298,337,2025-12-26,completed,169
299,338,2024-10-06,completed,145
300,339,2024-03-30,scheduled,349
301,340,2025-03-01,completed,399
302,341,2025-12-18,completed,157
303,342,2024-06-22,completed,379
304,343,2025-08-08,completed,334
305,344,2025-02-12,completed,378
306,345,2025-10-06,completed,236
307,346,2025-10-22,completed,382
308,347,2026-01-25,completed,387
309,348,2025-11-23,completed,280
310,349,2025-11-10,completed,466
311,350,2025-11-03,completed,290
312,351,2025-06-13,scheduled,73
313,352,2026-03-26,completed,415
314,353,2024-08-25,completed,69
315,354,2024-10-10,completed,78
316,355,2024-10-07,completed,426
317,356,2025-04-24,scheduled,364
318,357,2025-09-24,completed,464
319,358,2026-03-12,completed,197
320,359,2024-06-26,completed,141
321,360,2024-11-04,completed,387
322,361,2025-07-11,completed,496
323,362,2025-08-18,completed,189
324,363,2024-10-27,completed,431
325,364,2024-11-21,completed,93
326,365,2025-02-03,completed,179
327,366,2024-10-07,scheduled,498
328,367,2025-01-03,completed,228
329,368,2024-11-17,completed,276
330,369,2025-03-01,scheduled,156
331,371,2024-09-23,completed,102
332,372,2024-06-13,completed,145
333,373,2024-06-08,completed,224
334,374,2026-02-08,completed,428
335,375,2025-09-19,completed,392
336,376,2024-09-16,completed,499
337,377,2024-07-28,completed,285
338,379,2025-12-26,completed,367
339,381,2025-06-12,completed,437
340,383,2025-05-29,completed,343
341,384,2026-02-21,completed,200
342,385,2026-01-09,completed,310
343,386,2024-04-13,completed,355
344,387,2024-08-10,completed,447
345,388,2024-09-07,completed,90
346,389,2025-06-27,completed,468
347,390,2026-03-12,completed,425
348,391,2025-12-07,completed,65
349,392,2025-10-29,completed,87
350,393,2026-02-01,completed,193
351,394,2025-08-19,completed,374
352,395,2025-05-19,completed,303
353,396,2025-07-12,completed,466
354,397,2024-10-13,completed,108
355,398,2025-08-29,completed,478
356,399,2024-05-14,completed,427
357,400,2026-01-27,completed,234
358,401,2025-07-08,completed,254
359,402,2024-09-22,completed,59
360,403,2025-02-05,scheduled,240
361,404,2024-05-25,completed,308
362,405,2025-12-21,completed,50
363,406,2026-01-26,completed,323
364,407,2025-11-30,completed,431
365,408,2025-02-24,completed,490
366,409,2024-05-21,scheduled,432
367,410,2026-02-19,scheduled,491
368,411,2025-11-20,completed,403
369,412,2025-08-06,completed,290
370,413,2025-10-31,completed,278
371,415,2024-12-11,completed,339
372,416,2025-11-13,completed,225
373,417,2024-04-08,scheduled,378
374,418,2025-04-11,completed,340
375,420,2025-03-04,completed,45
376,421,2025-07-21,completed,426
377,423,2025-11-21,completed,66
378,424,2025-10-02,completed,307
379,425,2025-02-06,completed,410
380,426,2025-08-23,completed,50
381,427,2024-11-13,completed,212
382,428,2026-02-19,completed,302
383,430,2024-09-20,completed,432
384,431,2025-11-27,completed,115
385,433,2026-02-22,completed,247
386,435,2025-02-26,completed,202
387,436,2024-06-12,completed,490
388,437,2025-10-12,scheduled,59
389,438,2025-06-23,completed,210
390,439,2024-05-10,completed,366
391,440,2026-01-12,completed,343
392,441,2025-07-12,completed,450
393,442,2025-02-16,completed,213
394,443,2026-02-21,scheduled,170
395,444,2026-04-05,scheduled,399
396,445,2024-06-26,completed,440
397,446,2024-08-15,scheduled,365
398,448,2026-02-03,completed,126
399,449,2024-08-18,completed,105
400,450,2025-05-14,scheduled,446
401,451,2025-10-11,completed,246
402,452,2025-10-24,completed,392
403,453,2025-07-20,completed,334
404,454,2026-03-22,completed,397
405,455,2025-08-26,completed,251
406,456,2025-12-29,completed,281
407,457,2025-10-20,completed,271
408,459,2025-01-10,completed,272
409,460,2024-08-05,completed,443
410,461,2025-05-12,completed,314
411,462,2024-07-24,scheduled,406
412,463,2025-01-13,completed,320
413,465,2024-05-06,scheduled,411
414,466,2024-04-17,completed,434
415,467,2024-10-17,completed,424
416,468,2025-11-15,scheduled,198
417,470,2024-09-27,scheduled,66
418,471,2025-02-22,completed,178
419,472,2025-03-30,completed,206
420,473,2025-04-29,completed,204
421,474,2025-01-07,completed,176
422,475,2026-02-01,completed,171
423,476,2025-01-07,completed,416
424,477,2026-02-06,completed,232
425,478,2025-11-15,completed,353
426,480,2026-02-09,completed,486
427,481,2024-05-13,completed,421
428,482,2025-05-05,scheduled,315
429,483,2024-08-14,completed,132
430,484,2024-12-09,completed,443
431,485,2025-07-24,completed,171
432,486,2024-08-14,completed,46
433,487,2025-03-26,completed,297
434,488,2024-11-05,completed,76
435,489,2025-04-27,completed,281
436,490,2026-01-27,completed,309
437,491,2025-01-03,completed,392
438,492,2026-03-14,completed,160
439,493,2025-12-22,completed,157
440,494,2024-09-18,completed,60
441,495,2026-01-19,completed,435
442,496,2026-02-02,completed,80
443,497,2024-06-21,completed,165
444,498,2025-08-05,completed,142
445,499,2024-10-03,completed,264
446,500,2024-11-23,scheduled,65
447,501,2025-12-19,completed,105
448,503,2024-12-11,completed,121
449,504,2025-03-16,completed,475
450,506,2025-04-17,completed,120
451,507,2026-01-02,completed,316
452,508,2025-09-22,completed,82
453,509,2025-10-19,completed,258
454,510,2024-05-23,completed,388
455,511,2025-12-31,completed,214
456,512,2024-06-11,completed,62
457,513,2025-02-04,completed,373
458,514,2025-11-28,completed,64
459,515,2024-06-08,scheduled,450
460,516,2025-03-19,completed,292
461,517,2025-08-17,scheduled,435
462,518,2025-09-05,completed,268
463,519,2025-06-11,completed,196
464,520,2024-06-21,completed,244
465,521,2025-12-01,completed,240
466,522,2024-06-29,scheduled,233
467,523,2025-02-07,completed,242
468,524,2025-10-11,completed,407
469,525,2025-12-28,completed,431
470,526,2025-06-24,completed,125
471,527,2026-03-21,completed,275
472,528,2025-05-07,completed,275
473,529,2024-12-09,completed,267
474,530,2024-10-08,completed,471
475,531,2024-07-01,completed,151
476,532,2024-12-17,completed,105
477,533,2026-01-04,scheduled,150
478,534,2025-04-11,completed,417
479,535,2026-03-10,completed,269
480,538,2025-09-20,completed,334
481,539,2024-12-15,completed,457
482,540,2025-08-10,completed,212
483,541,2025-02-07,completed,155
484,542,2024-05-03,completed,79
485,543,2025-08-14,completed,377
486,544,2025-10-28,scheduled,127
487,545,2025-07-17,completed,222
488,546,2024-06-27,completed,260
489,547,2026-01-04,completed,143
490,548,2024-02-29,completed,481
491,549,2025-06-21,completed,436
492,550,2024-10-09,completed,300
493,551,2026-01-21,completed,236
494,552,2024-08-24,completed,189
495,553,2025-12-14,completed,116
496,554,2024-12-25,scheduled,422
497,555,2025-02-02,completed,135
498,556,2025-10-05,completed,411
499,557,2024-10-29,scheduled,186
500,558,2024-08-01,completed,180
501,559,2025-03-03,completed,264
502,562,2025-08-08,completed,89
503,563,2025-01-22,scheduled,385
504,564,2026-02-25,completed,76
505,565,2025-09-15,scheduled,319
506,566,2024-10-17,scheduled,233
507,567,2025-03-31,completed,228
508,569,2025-07-21,completed,62
509,571,2024-07-29,completed,473
510,573,2024-04-08,completed,179
511,574,2025-01-02,completed,385
512,575,2025-07-04,completed,479
513,576,2025-01-24,completed,254
514,577,2024-05-03,scheduled,133
515,578,2024-06-23,completed,113
516,579,2025-01-24,completed,179
517,580,2025-08-11,completed,194
518,581,2024-11-17,completed,248
519,582,2025-02-02,completed,386
520,583,2024-10-07,scheduled,220
521,584,2024-12-06,completed,186
522,585,2025-06-26,completed,76
523,586,2025-03-08,completed,48
524,588,2025-06-24,completed,476
525,589,2024-07-28,completed,46
526,590,2025-11-10,completed,246
527,591,2025-07-19,completed,370
528,592,2026-01-31,completed,186
529,594,2025-09-05,completed,248
530,595,2025-09-20,completed,379
531,596,2025-06-05,completed,82
532,597,2024-09-06,completed,189
533,599,2025-01-09,completed,283
534,600,2024-08-21,completed,130
535,601,2025-04-08,completed,118
536,602,2025-02-05,completed,59
537,603,2024-10-29,completed,249
538,604,2025-05-19,completed,491
539,605,2024-05-06,completed,436
540,606,2025-05-25,completed,430
541,607,2025-10-09,completed,239
542,608,2025-04-27,completed,486
543,609,2024-09-21,completed,288
544,610,2026-04-06,completed,317
545,611,2024-10-28,completed,243
546,612,2025-08-04,completed,129
547,613,2025-01-27,scheduled,392
548,614,2024-05-18,completed,339
549,615,2024-06-04,completed,392
550,616,2026-01-16,scheduled,220
551,617,2025-03-04,completed,187
552,618,2025-05-16,completed,305
553,619,2025-04-01,completed,469
554,621,2024-06-22,completed,274
555,622,2025-12-22,completed,471
556,623,2025-07-02,completed,166
557,624,2024-10-30,completed,323
558,625,2025-09-21,completed,483
559,626,2026-03-23,scheduled,368
560,627,2024-08-13,completed,439
561,628,2025-12-29,completed,145
562,629,2026-02-21,completed,232
563,630,2025-01-29,completed,402
564,631,2024-11-21,completed,216
565,632,2025-05-23,completed,141
566,633,2025-12-16,completed,229
567,634,2025-07-13,completed,212
568,635,2024-04-18,completed,96
569,636,2026-03-01,completed,133
570,637,2024-12-17,completed,74
571,639,2024-09-22,completed,104
572,641,2024-11-29,completed,468
573,642,2024-11-20,completed,232
574,643,2025-03-20,completed,316
575,645,2024-08-25,completed,150
576,646,2024-10-27,completed,468
577,647,2025-12-11,completed,304
578,648,2026-01-06,completed,288
579,649,2025-11-25,completed,222
580,651,2025-10-04,completed,251
581,652,2024-05-17,scheduled,219
582,653,2024-11-05,completed,430
583,654,2025-11-12,completed,55
584,655,2025-12-26,completed,300
585,656,2025-01-08,completed,230
586,657,2025-09-23,scheduled,401
587,658,2025-06-19,completed,376
588,659,2026-01-24,completed,58
589,660,2025-10-18,completed,143
590,661,2026-02-21,completed,322
591,662,2024-04-21,completed,163
592,663,2025-09-03,completed,253
593,664,2025-04-13,completed,292
594,665,2026-02-01,completed,75
595,669,2025-05-13,completed,114
596,670,2025-12-15,completed,218
597,671,2024-07-28,completed,99
598,672,2025-12-31,completed,330
599,673,2024-08-20,completed,337
600,674,2024-07-02,scheduled,436
601,676,2025-04-14,completed,473
602,677,2025-11-02,completed,107
603,679,2024-10-08,completed,319
604,681,2024-10-20,completed,179
605,682,2025-01-28,completed,237
606,683,2024-06-21,completed,424
607,684,2024-07-28,completed,333
608,685,2024-07-16,completed,146
609,686,2024-06-01,completed,176
610,687,2025-12-26,completed,485
611,689,2025-06-10,completed,350
612,690,2025-01-24,completed,308
613,691,2026-03-02,completed,376
614,692,2024-11-28,scheduled,213
615,693,2024-06-29,completed,461
616,694,2024-12-19,completed,443
617,695,2026-02-14,completed,425
618,698,2025-02-16,scheduled,495
619,699,2025-12-02,completed,214
620,700,2024-08-16,completed,458
621,701,2025-02-22,scheduled,100
622,703,2025-05-11,scheduled,128
623,704,2024-06-19,scheduled,179
624,705,2025-10-13,completed,236
625,706,2025-06-01,completed,324
626,707,2024-05-17,completed,330
627,709,2026-01-16,completed,170
628,710,2026-02-22,completed,398
629,711,2025-05-28,completed,225
630,713,2025-11-12,completed,273
631,714,2026-01-27,completed,426
632,715,2025-12-07,completed,51
633,716,2025-05-24,completed,305
634,717,2024-03-20,completed,247
635,718,2025-08-06,completed,112
636,719,2024-10-16,completed,162
637,722,2025-03-26,completed,426
638,723,2024-09-25,completed,124
639,724,2026-01-15,completed,313
640,725,2024-06-13,completed,173
641,726,2025-11-21,completed,107
642,727,2024-07-21,completed,91
643,728,2024-03-27,completed,184
644,729,2024-06-01,completed,220
645,730,2025-11-15,completed,75
646,731,2024-09-30,completed,97
647,732,2025-11-29,completed,362
648,733,2025-06-27,completed,87
649,734,2024-08-19,completed,279
650,735,2026-01-26,completed,62
651,736,2025-11-04,completed,311
652,737,2024-05-21,completed,199
653,738,2026-01-11,completed,341
654,739,2025-02-13,completed,310
655,740,2024-12-05,completed,97
656,741,2024-06-06,scheduled,317
657,742,2026-01-10,completed,48
658,743,2025-03-31,completed,89
659,744,2024-10-04,scheduled,394
660,745,2025-05-21,completed,429
661,746,2025-01-03,completed,436
662,747,2026-02-07,completed,419
663,748,2024-11-19,completed,286
664,749,2026-01-17,completed,144
665,750,2024-09-18,completed,277
666,751,2025-11-26,completed,229
667,753,2025-08-11,completed,493
668,754,2025-12-29,completed,347
669,755,2025-03-08,completed,474
670,756,2025-11-30,completed,132
671,758,2025-09-11,completed,95
672,759,2024-09-24,completed,413
673,762,2024-08-10,completed,357
674,763,2025-12-27,completed,463
675,764,2025-04-13,completed,135
676,765,2025-12-10,scheduled,323
677,766,2025-04-05,completed,425
678,767,2024-08-24,completed,401
679,768,2024-11-27,scheduled,304
680,770,2024-12-12,completed,399
681,771,2024-04-20,completed,309
682,772,2025-10-18,completed,244
683,773,2026-02-03,completed,417
684,775,2025-02-23,completed,277
685,776,2024-06-02,completed,271
686,777,2025-05-19,completed,272
687,778,2025-01-05,completed,117
688,779,2026-02-21,completed,225
689,780,2024-07-23,completed,131
690,781,2025-05-22,completed,175
691,782,2025-09-11,completed,313
692,783,2026-01-15,completed,173
693,784,2025-08-23,completed,310
694,785,2025-08-26,completed,113
695,786,2025-08-11,completed,402
696,787,2024-12-07,completed,145
697,788,2025-11-30,completed,76
698,789,2024-08-21,completed,428
699,791,2025-11-24,completed,237
700,792,2026-02-27,completed,141
701,793,2025-07-17,completed,323
702,794,2025-08-13,completed,432
703,795,2025-11-16,completed,119
704,796,2024-09-19,completed,484
705,797,2025-03-15,completed,354
706,798,2026-01-20,scheduled,391
707,799,2025-06-02,completed,498
708,800,2024-11-13,completed,389
709,801,2025-01-30,completed,441
710,802,2024-09-27,completed,327
711,803,2024-12-08,completed,145
712,804,2025-09-11,completed,349
713,807,2024-06-10,completed,229
714,808,2024-07-12,completed,140
715,809,2025-03-03,completed,190
716,811,2025-10-07,completed,190
717,812,2024-12-12,completed,259
718,813,2025-11-30,completed,419
719,814,2024-04-21,completed,251
720,815,2024-08-06,completed,77
721,816,2025-12-08,completed,176
722,818,2025-10-04,completed,434
723,819,2025-09-01,completed,140
724,820,2025-08-30,completed,146
725,821,2025-05-04,completed,450
726,822,2025-09-23,completed,313
727,823,2024-04-03,completed,440
728,824,2025-03-11,completed,63
729,826,2024-11-02,completed,314
730,827,2025-03-24,completed,277
731,828,2025-10-08,completed,105
732,829,2025-01-03,completed,440
733,830,2025-09-07,completed,474
734,832,2024-05-08,completed,312
735,833,2024-10-17,completed,104
736,834,2025-08-28,completed,225
737,835,2026-04-11,completed,262
738,836,2025-01-09,completed,347
739,837,2026-01-29,completed,85
740,838,2024-10-28,scheduled,246
741,839,2026-03-12,completed,448
742,842,2025-08-08,completed,236
743,843,2026-01-03,completed,478
744,844,2025-10-14,completed,431
745,845,2024-04-27,scheduled,65
746,847,2026-01-28,completed,177
747,848,2025-05-26,completed,69
748,849,2025-01-16,completed,407
749,850,2026-04-09,completed,394
750,851,2025-12-29,completed,236
751,852,2025-09-16,completed,223
752,855,2026-02-21,completed,497
753,856,2024-10-22,completed,399
754,857,2025-10-19,completed,265
755,858,2024-06-15,completed,71
756,859,2025-07-18,completed,434
757,860,2024-04-11,completed,51
758,861,2024-11-01,completed,400
759,862,2025-08-11,completed,53
760,864,2024-05-23,completed,481
761,865,2025-03-22,completed,155
762,866,2025-01-26,scheduled,160
763,867,2026-02-08,completed,199
764,868,2025-11-16,completed,349
765,869,2025-05-26,completed,54
766,870,2024-05-25,completed,487
767,871,2024-02-19,completed,114
768,872,2024-05-09,completed,411
769,873,2025-09-27,completed,323
770,874,2025-01-29,completed,188
771,875,2025-07-27,completed,101
772,876,2025-10-14,completed,498
773,877,2026-01-13,completed,122
774,878,2024-10-02,completed,386
775,879,2024-10-19,completed,196
776,880,2025-03-19,completed,456
777,881,2024-09-02,completed,152
778,882,2024-08-27,completed,310
779,883,2026-01-03,completed,145
780,884,2024-05-01,completed,176
781,885,2025-02-02,completed,456
782,886,2025-02-12,completed,58
783,887,2026-03-02,completed,170
784,888,2024-04-21,completed,367
785,891,2026-01-22,scheduled,209
786,892,2024-08-17,completed,243
787,893,2025-10-07,completed,135
788,895,2026-04-03,completed,347
789,896,2026-01-12,completed,433
790,897,2026-04-25,completed,407
791,898,2025-06-26,completed,110
792,899,2024-12-19,scheduled,49
